CNUM,TEXT_MANID,TEXT_UNIID,TEXT_PART,TEXT_Q,TEXT_BASIS,TEXT_TITLE,TEXT_TITLEQ,TEXT_TITLELOC,TEXT_TITLELOCQ,TEXT_TITLEBASIS,TEXT_LOC,TEXT_LOCCLASS,TEXT_LOCBASIS,TEXT_SEQUENCE,INC_EXP_CLASS,INCIPIT,INCIPIT_LOC,EXPLICIT,EXPLICIT_LOC,CONDITION,POETIC_FORM,POETIC_STANZA,DOCUMENT_LANGUAGE,COMMENT_TITLE,COMMENT_INCIPIT,COMMENT_LOC,COMMENT_Q,COMMENT_BASIS,COMMENT_BIOID,COMMENT_BIOIDQ,COMMENT_BIOBASIS,VARIANT_NAMECLASS,VARIANT_NAME,VARIANT_NAMELOC,VARIANT_NAMEQ,VARIANT_NAMEBASIS,RELATED_BIOCLASS,RELATED_BIODETAIL,RELATED_BIOID,RELATED_BIOIDQ,RELATED_BIOBD,RELATED_BIOBDQ,RELATED_BIOED,RELATED_BIOEDQ,RELATED_BIOBASIS,RELATED_BIBCLASS,RELATED_BIBID,RELATED_BIBVOL,RELATED_BIBLOC,RELATED_BIBITEM,RELATED_MANCLASS,RELATED_MANID,RELATED_MANVOL,RELATED_MANLOC,RELATED_MANITEM,RELATED_UNICLASS,RELATED_UNIDETAIL,RELATED_UNIID,RELATED_UNIBASIS,SUBJECT_BIOID,SUBJECT_GEOID,SUBJECT_INSID,SUBJECT_SUBID,PERIOD_BD,PERIOD_BDQ,PERIOD_ED,PERIOD_EDQ,PERIOD_BASIS,NOTES,VERIFY,STATUS,ENTERED,ENTERED_BY,UPDATED,UPDATED_BY,INTERNET_CLASS,INTERNET_ADDRESS,INTERNET_SERVICE,INTERNET_LASTSEEN,MONIKER
BETA cnum 95,BETA manid 1090,BETA texid 1024,,,,,,,,,1ra-97rb,ANALYTIC*TEXT_LOCCLASS*FF,Zarco,1.0,ANALYTIC*INC_EXP_CLASS*PROL,Por que toda manera de alegria quiso dios,1ra,,,,,,,,,,,,,,,,,,,,,,,,,,,,,ANALYTIC*RELATED_BIBCLASS*EDEL,BETA bibid 2156,,,,,,,,,,,,,,,,BETA subid 1266,,,,,,,,ANALYTIC*STATUS*2I,1985-07-10,FAULHABER,2013-10-16,FAULHABER,UNIVERSAL*INTERNET_CLASS*URL,http://www.hispanicseminary.org/t&c/ac/index-en.htm,HSMS,2013-10-16,"MS: Alfonso X, rey de Castilla y León, Corona de, Libros de ajedrez, dados y tablas (tr. Desconocido), traducido 1283 ad quem. San Lorenzo de El Escorial: Escorial: Monasterio, T.I.6, 1283"
BETA cnum 95,,,,,,,,,,,,,,,ANALYTIC*INC_EXP_CLASS*TIT,Libro de los dados,65ra,,,,,,,,,,,,,,,,,,,,,,,,,,,,,ANALYTIC*RELATED_BIBCLASS*EDEL,BETA bibid 6084,,,ACE,,,,,,,,,,,,,,,,,,,,,,,,,,,,,,
BETA cnum 95,,,,,,,,,,,,,,,ANALYTIC*INC_EXP_CLASS*RUBR,En que guisa deuen seer fechos los dados,65ra,,,,,,,,,,,,,,,,,,,,,,,,,,,,,,,,,,,,,,,,,,,,,,,,,,,,,,,,,,,,,,,
BETA cnum 95,,,,,,,,,,,,,,,ANALYTIC*INC_EXP_CLASS*TEXT,Pves que de los iuegos del açedrex que se iuegan por seso,65ra,o se pueden fazer daqui adelant de que nos non sabemos,71va,,,,,,,,,,,,,,,,,,,,,,,,,,,,,,,,,,,,,,,,,,,,,,,,,,,,,,,,,,,,,
BETA cnum 95,,,,,,,,,,,,,,,ANALYTIC*INC_EXP_CLASS*TIT,Libro de las tablas,72ra,,,,,,,,,,,,,,,,,,,,,,,,,,,,,,,,,,,,,,,,,,,,,,,,,,,,,,,,,,,,,,,
BETA cnum 95,,,,,,,,,,,,,,,ANALYTIC*INC_EXP_CLASS*RUBR,Aqui comiença el libro de los iuegos de las tablas. E fabla primeramientre de como deue seer fecho el tablero & las tablas & quantas deuen seer. & qual es la baraia & la manera dellas,72ra,de como an menester los dados para guiarse por ellos & fazer sus iuegos lo mas sotilmientre que pudieren,,,,,,,,,,,,,,,,,,,,,,,,,,,,,,,,,,,,,,,,,,,,,,,,,,,,,,,,,,,,,,
BETA cnum 95,,,,,,,,,,,,,,,ANALYTIC*INC_EXP_CLASS*TEXT,Pves que auemos y [!] hablado de los dados,,E este es la figura del entablamiento,79vb,,,,,,,,,,,,,,,,,,,,,,,,,,,,,,,,,,,,,,,,,,,,,,,,,,,,,,,,,,,,,
BETA cnum 95,,,,,,,,,,,,,,,ANALYTIC*INC_EXP_CLASS*TIT,Acedrez,,,,,,,,,,,,,,,,,,,,,,,,,,,,,,,,,,,,,,,,,,,,,,,,,,,,,,,,,,,,,,,,
BETA cnum 95,,,,,,,,,,,,,,,ANALYTIC*INC_EXP_CLASS*RUBR,Aqui se comiença el iuego del grant Açedrex que fue fecho en India a semeiança de como los Reyes antigos solien fazer sus huestes de caualleros & de peones,81ra,,,,,,,,,,,,,,,,,,,,,,,,,,,,,,,,,,,,,,,,,,,,,,,,,,,,,,,,,,,,,,,
BETA cnum 95,,,,,,,,,,,,,,,ANALYTIC*INC_EXP_CLASS*TEXT,E por ende assi como ell otro acedrez comunal es partido en ocho casas,,& el departimiento dellos,82ra,,,,,,,,,,,,,,,,,,,,,,,,,,,,,,,,,,,,,,,,,,,,,,,,,,,,,,,,,,,,,
BETA cnum 95,,,,,,,,,,,,,,,ANALYTIC*INC_EXP_CLASS*TIT,Libro de los dados,83ra,,,,,,,,,,,,,,,,,,,,,,,,,,,,,,,,,,,,,,,,,,,,,,,,,,,,,,,,,,,,,,,
BETA cnum 95,,,,,,,,,,,,,,,ANALYTIC*INC_EXP_CLASS*RUBR,Aqui fabla de como los dados de las ocho llanas & de como son fechos,83ra,,,,,,,,,,,,,,,,,,,,,,,,,,,,,,,,,,,,,,,,,,,,,,,,,,,,,,,,,,,,,,,
BETA cnum 95,,,,,,,,,,,,,,,ANALYTIC*INC_EXP_CLASS*TEXT,Porque este grant acedrex,83ra,& de como son fechos,84rb,,,,,,,,,,,,,,,,,,,,,,,,,,,,,,,,,,,,,,,,,,,,,,,,,,,,,,,,,,,,,
BETA cnum 95,,,,,,,,,,,,,,,ANALYTIC*INC_EXP_CLASS*TIT,Libro de las tablas,85ra,,,,,,,,,,,,,,,,,,,,,,,,,,,,,,,,,,,,,,,,,,,,,,,,,,,,,,,,,,,,,,,
BETA cnum 95,,,,,,,,,,,,,,,ANALYTIC*INC_EXP_CLASS*RUBR,Aqui comiença el iuego de las tablas del açedrex de las diez casas. & iuegasse con los dados de las siete llanas,85ra,,,,,,,,,,,,,,,,,,,,,,,,,,,,,,,,,,,,,,,,,,,,,,,,,,,,,,,,,,,,,,,
BETA cnum 95,,,,,,,,,,,,,,,ANALYTIC*INC_EXP_CLASS*TEXT,Pves que uos y a [!] mostramos,85ra,aqui la su figura,85rb,,,,,,,,,,,,,,,,,,,,,,,,,,,,,,,,,,,,,,,,,,,,,,,,,,,,,,,,,,,,,
BETA cnum 95,,,,,,,,,,,,,,,ANALYTIC*INC_EXP_CLASS*TIT,Acedre[x],87ra,,,,,,,,,,,,,,,,,,,,,,,,,,,,,,,,,,,,,,,,,,,,,,,,,,,,,,,,,,,,,,,
BETA cnum 95,,,,,,,,,,,,,,,ANALYTIC*INC_EXP_CLASS*RUBR,Aqui se comiença otro Açedrex que fue fecho a semeiança de los quatro tiempos del anno; que assacaron: los sabios antigos,87ra,,,,,,,,,,,,,,,,,,,,,,,,,,,,,,,,,,,,,,,,,,,,,,,,,,,,,,,,,,,,,,,
BETA cnum 95,,,,,,,,,,,,,,,ANALYTIC*INC_EXP_CLASS*TEXT,Otro Açedrex hay que fizieron,87ra,que aqui esta pintado,88ra,,,,,,,,,,,,,,,,,,,,,,,,,,,,,,,,,,,,,,,,,,,,,,,,,,,,,,,,,,,,,
BETA cnum 95,,,,,,,,,,,,,,,ANALYTIC*INC_EXP_CLASS*RUBR,Este es el Tablero de las tablas de los quatro tiempos del anno; a que dizen el mundo que comiença assi,89ra,,,,,,,,,,,,,,,,,,,,,,,,,,,,,,,,,,,,,,,,,,,,,,,,,,,,,,,,,,,,,,,
BETA cnum 95,,,,,,,,,,,,,,,ANALYTIC*INC_EXP_CLASS*TEXT,Pves que auemos dicho,89ra,del entablamiento,89rb,,,,,,,,,,,,,,,,,,,,,,,,,,,,,,,,,,,,,,,,,,,,,,,,,,,,,,,,,,,,,
BETA cnum 95,,,,,,,,,,,,,,,ANALYTIC*INC_EXP_CLASS*RUBR,Este es el Alquerque de doze que iuega con todos sus trebeios,91ra,,,,,,,,,,,,,,,,,,,,,,,,,,,,,,,,,,,,,,,,,,,,,,,,,,,,,,,,,,,,,,,
BETA cnum 95,,,,,,,,,,,,,,,ANALYTIC*INC_EXP_CLASS*TEXT,Pves fablado auemos,91ra,dell alquerque & de los iuegos,93rb,,,,,,,,,,,,,,,,,,,,,,,,,,,,,,,,,,,,,,,,,,,,,,,,,,,,,,,,,,,,,
BETA cnum 95,,,,,,,,,,,,,,,ANALYTIC*INC_EXP_CLASS*RUBR,Este es Tablero de los escaques & de las tablas; que sse iuega por astronomia,95ra,,,,,,,,,,,,,,,,,,,,,,,,,,,,,,,,,,,,,,,,,,,,,,,,,,,,,,,,,,,,,,,
BETA cnum 95,,,,,,,,,,,,,,,ANALYTIC*INC_EXP_CLASS*TEXT,Mostradas todas las maneras,95ra,Et esta es la figura del Tablero. & de las tablas,97rb,,,,,,,,,,,,,,,,,,,,,,,,,,,,,,,,,,,,,,,,,,,,,,,,,,,,,,,,,,,,,
BETA cnum 95,,,,,,,,,,,,,,,ANALYTIC*INC_EXP_CLASS*COLOPHON,Este Libro fue començado & acabado en la cibdat de Seuilla; por mandado del muy noble Rey don Alffonso,97rb,En la Era de mill & trezientos & veynte & un Anno,97rb,,,,,,,,,,,,,,,,,,,,,,,,,,,,,,,,,,,,,,,,,,,,,,,,,,,,,,,,,,,,,
BETA cnum 8848,BETA manid 4720,BETA texid 1024,,,,,,,,,,,,10.0,,,,,,,,,,,,,,,,,,,,,,,,,,,,,,,,,,,,,ANALYTIC*RELATED_MANCLASS*COP,BETA manid 1090,,,,,,,,,,,,,,,,,,,ANALYTIC*STATUS*2I,2005-11-29,MORAN,,,,,,,"MS: Alfonso X, rey de Castilla y León, Corona de, Libros de ajedrez, dados y tablas (tr. Desconocido), traducido 1283 ad quem. Madrid: Nacional (BNE), MSS/8257, 1872"
