GEOID,NAME_CLASS,NAME,NAME_Q,NAME_BD,NAME_BDQ,NAME_ED,NAME_EDQ,NAME_BASIS,CLASS,TYPE,LATITUDE,LONGITUDE,RELATED_GEOCLASS,RELATED_GEODETAIL,RELATED_GEOID,RELATED_GEOIDQ,RELATED_GEOBD,RELATED_GEOBDQ,RELATED_GEOED,RELATED_GEOEDQ,RELATED_GEOBASIS,RELATED_BIBCLASS,RELATED_BIBID,RELATED_BIBVOL,RELATED_BIBLOC,RELATED_BIBITEM,RELATED_MANCLASS,RELATED_MANID,RELATED_MANVOL,RELATED_MANLOC,RELATED_MANITEM,SUBJECT_BIOID,SUBJECT_INSID,SUBJECT_SUBID,PERIOD_BD,PERIOD_BDQ,PERIOD_ED,PERIOD_EDQ,PERIOD_BASIS,NOTES,VERIFY,ENTERED,ENTERED_BY,UPDATED,UPDATED_BY,INTERNET_CLASS,INTERNET_ADDRESS,INTERNET_SERVICE,INTERNET_LASTSEEN,MONIKER
BETA geoid 1637,GEOGRAPHY*NAME_CLASS*U,Earl of Belcarres,,,,,,,GEOGRAPHY*CLASS*P,GEOGRAPHY*TYPE*C,,,GEOGRAPHY*RELATED_GEOCLASS*P,,BETA geoid 1638,,,,,,,,,,,,,,,,,,,,,,,,,,,1994-08-18,FAULHABER,2024-09-22,FAULHABER,,,,,Earl of Belcarres (condado)
BETA geoid 2920,GEOGRAPHY*NAME_CLASS*U,Villamayor de los Montes,,,,,,,GEOGRAPHY*CLASS*P,GEOGRAPHY*TYPE*T,,,GEOGRAPHY*RELATED_GEOCLASS*P,,BETA geoid 1013,,,,,,,,,,,,,,,,,,,,,,,,,,,2024-07-08,PEREA,,,UNIVERSAL*INTERNET_CLASS*URL,https://es.wikipedia.org/wiki/Villamayor_de_los_Montes,Wikipedia,2024-07-08,Villamayor de los Montes
BETA geoid 2921,GEOGRAPHY*NAME_CLASS*U,Amsterdam,,,,,,,GEOGRAPHY*CLASS*P,GEOGRAPHY*TYPE*T,,,GEOGRAPHY*RELATED_GEOCLASS*P,,BETA geoid 1820,,,,,,,,,,,,,,,,,,,,,,,,,,,2024-09-16,FAULHABER,,,,,,,Amsterdam
BETA geoid 2922,GEOGRAPHY*NAME_CLASS*U,Ann Arbor,,,,,,,GEOGRAPHY*CLASS*P,GEOGRAPHY*TYPE*T,,,GEOGRAPHY*RELATED_GEOCLASS*P,,BETA geoid 2540,,,,,,,,,,,,,,,,,,,,,,,,,,,2024-09-16,FAULHABER,,,,,,,Ann Arbor
BETA geoid 2923,GEOGRAPHY*NAME_CLASS*U,Baltimore,,,,,,,GEOGRAPHY*CLASS*P,GEOGRAPHY*TYPE*T,,,GEOGRAPHY*RELATED_GEOCLASS*P,,BETA geoid 2924,,,,,,,,,,,,,,,,,,,,,,,,,,,2024-09-16,FAULHABER,2024-09-16,FAULHABER,,,,,Baltimore
BETA geoid 2924,GEOGRAPHY*NAME_CLASS*U,Maryland,,,,,,,GEOGRAPHY*CLASS*P,GEOGRAPHY*TYPE*S,,,GEOGRAPHY*RELATED_GEOCLASS*P,,BETA geoid 1837,,,,,,,,,,,,,,,,,,,,,,,,,,,2024-09-16,FAULHABER,2024-09-16,FAULHABER,,,,,Maryland (estado)
BETA geoid 2925,GEOGRAPHY*NAME_CLASS*U,Indiana,,,,,,,GEOGRAPHY*CLASS*P,GEOGRAPHY*TYPE*S,,,GEOGRAPHY*RELATED_GEOCLASS*P,,BETA geoid 1837,,,,,,,,,,,,,,,,,,,,,,,,,,,2024-09-16,FAULHABER,,,,,,,Indiana (estado)
BETA geoid 2926,GEOGRAPHY*NAME_CLASS*U,North Carolina,,,,,,,GEOGRAPHY*CLASS*P,GEOGRAPHY*TYPE*S,,,GEOGRAPHY*RELATED_GEOCLASS*P,,BETA geoid 1837,,,,,,,,BETA bibid 4572,,,Q1400,,,,,,,,,,,,,,,,2024-09-16,FAULHABER,,,UNIVERSAL*INTERNET_CLASS*URL,https://www.wikidata.org/wiki/Q1400,Wikidata,2024-02-16,North Carolina (estado)
BETA geoid 2927,GEOGRAPHY*NAME_CLASS*U,Minnesota,,,,,,,GEOGRAPHY*CLASS*P,GEOGRAPHY*TYPE*S,,,GEOGRAPHY*RELATED_GEOCLASS*P,,BETA geoid 1837,,,,,,,,BETA bibid 8603,,,Q1397,,,,,,,,,,,,,,,,2024-09-16,FAULHABER,,,UNIVERSAL*INTERNET_CLASS*URL,https://www.wikidata.org/wiki/Q1397,Wikidata,2024-05-29,Minnesota (estado)
BETA geoid 2928,GEOGRAPHY*NAME_CLASS*U,Louisiana,,,,,,,GEOGRAPHY*CLASS*P,GEOGRAPHY*TYPE*S,,,GEOGRAPHY*RELATED_GEOCLASS*P,,BETA geoid 1837,,,,,,,,BETA bibid 8603,,,Q1397,,,,,,,,,,,,,,,,2024-09-16,FAULHABER,,,UNIVERSAL*INTERNET_CLASS*URL,https://www.wikidata.org/wiki/Q1397,Wikidata,2024-05-29,Louisiana (estado)
BETA geoid 2929,GEOGRAPHY*NAME_CLASS*U,New Hampshire,,,,,,,GEOGRAPHY*CLASS*P,GEOGRAPHY*TYPE*S,,,GEOGRAPHY*RELATED_GEOCLASS*P,,BETA geoid 1837,,,,,,,,BETA bibid 8603,,,Q1397,,,,,,,,,,,,,,,,2024-09-16,FAULHABER,,,UNIVERSAL*INTERNET_CLASS*URL,https://www.wikidata.org/wiki/Q1397,Wikidata,2024-05-29,New Hampshire (estado)
BETA geoid 2930,GEOGRAPHY*NAME_CLASS*U,New Jersey,,,,,,,GEOGRAPHY*CLASS*P,GEOGRAPHY*TYPE*S,,,GEOGRAPHY*RELATED_GEOCLASS*P,,BETA geoid 1837,,,,,,,,BETA bibid 8603,,,Q1397,,,,,,,,,,,,,,,,2024-09-16,FAULHABER,,,UNIVERSAL*INTERNET_CLASS*URL,https://www.wikidata.org/wiki/Q1397,Wikidata,2024-05-29,New Jersey (estado)
BETA geoid 2931,GEOGRAPHY*NAME_CLASS*U,Texas,,,,,,,GEOGRAPHY*CLASS*P,GEOGRAPHY*TYPE*S,,,GEOGRAPHY*RELATED_GEOCLASS*P,,BETA geoid 1837,,,,,,,,,,,,,,,,,,,,,,,,,,,2024-09-16,FAULHABER,,,,,,,Texas (estado)
BETA geoid 2932,GEOGRAPHY*NAME_CLASS*U,New Mexico,,,,,,,GEOGRAPHY*CLASS*P,GEOGRAPHY*TYPE*S,,,GEOGRAPHY*RELATED_GEOCLASS*P,,BETA geoid 1837,,,,,,,,,,,,,,,,,,,,,,,,,,,2024-09-16,FAULHABER,,,,,,,New Mexico (estado)
BETA geoid 2933,GEOGRAPHY*NAME_CLASS*U,South Carolina,,,,,,,GEOGRAPHY*CLASS*P,GEOGRAPHY*TYPE*S,,,GEOGRAPHY*RELATED_GEOCLASS*P,,BETA geoid 1837,,,,,,,,BETA bibid 4572,,,Q1400,,,,,,,,,,,,,,,,2024-09-16,FAULHABER,,,UNIVERSAL*INTERNET_CLASS*URL,https://www.wikidata.org/wiki/Q1400,Wikidata,2024-02-16,South Carolina (estado)
BETA geoid 2934,GEOGRAPHY*NAME_CLASS*U,Arkansas,,,,,,,GEOGRAPHY*CLASS*P,GEOGRAPHY*TYPE*S,,,GEOGRAPHY*RELATED_GEOCLASS*P,,BETA geoid 1837,,,,,,,,BETA bibid 4572,,,Q1400,,,,,,,,,,,,,,,,2024-09-16,FAULHABER,,,UNIVERSAL*INTERNET_CLASS*URL,https://www.wikidata.org/wiki/Q1400,Wikidata,2024-02-16,Arkansas (estado)
BETA geoid 2935,GEOGRAPHY*NAME_CLASS*U,Missouri,,,,,,,GEOGRAPHY*CLASS*P,GEOGRAPHY*TYPE*S,,,GEOGRAPHY*RELATED_GEOCLASS*P,,BETA geoid 1837,,,,,,,,BETA bibid 4572,,,Q1400,,,,,,,,,,,,,,,,2024-09-16,FAULHABER,,,UNIVERSAL*INTERNET_CLASS*URL,https://www.wikidata.org/wiki/Q1400,Wikidata,2024-02-16,Missouri (estado)
BETA geoid 2936,GEOGRAPHY*NAME_CLASS*U,Virginia,,,,,,,GEOGRAPHY*CLASS*P,GEOGRAPHY*TYPE*S,,,GEOGRAPHY*RELATED_GEOCLASS*P,,BETA geoid 1837,,,,,,,,BETA bibid 4572,,,Q1400,,,,,,,,,,,,,,,,2024-09-16,FAULHABER,,,UNIVERSAL*INTERNET_CLASS*URL,https://www.wikidata.org/wiki/Q1400,Wikidata,2024-02-16,Virginia (estado)
BETA geoid 2937,GEOGRAPHY*NAME_CLASS*U,Florida,,,,,,,GEOGRAPHY*CLASS*P,GEOGRAPHY*TYPE*S,,,GEOGRAPHY*RELATED_GEOCLASS*P,,BETA geoid 1837,,,,,,,,BETA bibid 4572,,,Q1400,,,,,,,,,,,,,,,,2024-09-16,FAULHABER,,,UNIVERSAL*INTERNET_CLASS*URL,https://www.wikidata.org/wiki/Q1400,Wikidata,2024-02-16,Florida (estado)
BETA geoid 2939,GEOGRAPHY*NAME_CLASS*U,Kansas,,,,,,,GEOGRAPHY*CLASS*P,GEOGRAPHY*TYPE*S,,,GEOGRAPHY*RELATED_GEOCLASS*P,,BETA geoid 1837,,,,,,,,BETA bibid 4572,,,Q1400,,,,,,,,,,,,,,,,2024-09-16,FAULHABER,,,UNIVERSAL*INTERNET_CLASS*URL,https://www.wikidata.org/wiki/Q1400,Wikidata,2024-02-16,Kansas (estado)
BETA geoid 2940,GEOGRAPHY*NAME_CLASS*U,Tennessee,,,,,,,GEOGRAPHY*CLASS*P,GEOGRAPHY*TYPE*S,,,GEOGRAPHY*RELATED_GEOCLASS*P,,BETA geoid 1837,,,,,,,,BETA bibid 4572,,,Q1400,,,,,,,,,,,,,,,,2024-09-16,FAULHABER,,,UNIVERSAL*INTERNET_CLASS*URL,https://www.wikidata.org/wiki/Q1400,Wikidata,2024-02-16,Tennessee (estado)
BETA geoid 2941,GEOGRAPHY*NAME_CLASS*U,Iowa,,,,,,,GEOGRAPHY*CLASS*P,GEOGRAPHY*TYPE*S,,,GEOGRAPHY*RELATED_GEOCLASS*P,,BETA geoid 1837,,,,,,,,BETA bibid 4572,,,Q1400,,,,,,,,,,,,,,,,2024-09-16,FAULHABER,,,UNIVERSAL*INTERNET_CLASS*URL,https://www.wikidata.org/wiki/Q1400,Wikidata,2024-02-16,Iowa (estado)
BETA geoid 2942,GEOGRAPHY*NAME_CLASS*U,Puerto Rico,,,,,,,GEOGRAPHY*CLASS*P,,,,GEOGRAPHY*RELATED_GEOCLASS*P,,BETA geoid 1837,,,,,,,,,,,,,,,,,,,,,,,,,,,2024-09-16,FAULHABER,,,,,,,Puerto Rico
BETA geoid 2943,GEOGRAPHY*NAME_CLASS*U,Rossiya,,,,,,,GEOGRAPHY*CLASS*P,GEOGRAPHY*TYPE*N,,,,,,,,,,,,,,,,,,,,,,,,,,,,,,,,2024-09-16,FAULHABER,,,,,,,Rossiya (nación)
BETA geoid 2944,GEOGRAPHY*NAME_CLASS*U,Filipinas,,,,,,,GEOGRAPHY*CLASS*G,GEOGRAPHY*TYPE*N,,,GEOGRAPHY*RELATED_GEOCLASS*P,,BETA geoid 2427,,,,,,,,,,,,,,,,,,,,,,,,,,,2024-09-16,FAULHABER,,,,,,,Filipinas (nación)
BETA geoid 2945,GEOGRAPHY*NAME_CLASS*U,Hrvatska,,,,,,,GEOGRAPHY*CLASS*P,GEOGRAPHY*TYPE*N,,,,,,,,,,,,,,,,,,,,,,,,,,,,,,,,2024-09-16,FAULHABER,,,,,,,Hrvatska (nación)
BETA geoid 2946,GEOGRAPHY*NAME_CLASS*U,Cuba,,,,,,,GEOGRAPHY*CLASS*P,GEOGRAPHY*TYPE*N,,,,,,,,,,,,,,,,,,,,,,,,,,,,,,,,2024-09-16,FAULHABER,,,,,,,Cuba (nación)
BETA geoid 2947,GEOGRAPHY*NAME_CLASS*U,Venezuela,,,,,,,GEOGRAPHY*CLASS*P,GEOGRAPHY*TYPE*N,,,,,,,,,,,,,,,,,,,,,,,,,,,,,,,,2024-09-16,FAULHABER,2024-09-16,FAULHABER,,,,,Venezuela (nación)
BETA geoid 2948,GEOGRAPHY*NAME_CLASS*U,Norge,,,,,,,GEOGRAPHY*CLASS*P,GEOGRAPHY*TYPE*N,,,,,,,,,,,,,,,,,,,,,,,,,,,,,,,,2024-09-16,FAULHABER,,,,,,,Norge (nación)
BETA geoid 2949,GEOGRAPHY*NAME_CLASS*U,Bethesda,,,,,,,GEOGRAPHY*CLASS*P,GEOGRAPHY*TYPE*T,,,GEOGRAPHY*RELATED_GEOCLASS*P,,BETA geoid 2924,,,,,,,,,,,,,,,,,,,,,,,,,,,2024-09-16,FAULHABER,,,,,,,Bethesda
BETA geoid 2950,GEOGRAPHY*NAME_CLASS*U,Bloomington,,,,,,,GEOGRAPHY*CLASS*P,GEOGRAPHY*TYPE*T,,,GEOGRAPHY*RELATED_GEOCLASS*P,,BETA geoid 2925,,,,,,,,,,,,,,,,,,,,,,,,,,,2024-09-16,FAULHABER,,,,,,,Bloomington
BETA geoid 2951,GEOGRAPHY*NAME_CLASS*U,Bryn Mawr,,,,,,,GEOGRAPHY*CLASS*P,GEOGRAPHY*TYPE*T,,,GEOGRAPHY*RELATED_GEOCLASS*P,,BETA geoid 2192,,,,,,,,,,,,,,,,,,,,,,,,,,,2024-09-16,FAULHABER,,,,,,,Bryn Mawr
BETA geoid 2952,GEOGRAPHY*NAME_CLASS*U,Chapel Hill,,,,,,,GEOGRAPHY*CLASS*P,GEOGRAPHY*TYPE*T,,,GEOGRAPHY*RELATED_GEOCLASS*P,,BETA geoid 2926,,,,,,,,,,,,,,,,,,,,,,,,,,,2024-09-16,FAULHABER,,,,,,,Chapel Hill
BETA geoid 2953,GEOGRAPHY*NAME_CLASS*U,Cincinnati,,,,,,,GEOGRAPHY*CLASS*P,GEOGRAPHY*TYPE*T,,,GEOGRAPHY*RELATED_GEOCLASS*P,,BETA geoid 2415,,,,,,,,,,,,,,,,,,,,,,,,,,,2024-09-16,FAULHABER,,,,,,,Cincinnati
BETA geoid 2954,GEOGRAPHY*NAME_CLASS*U,Cleveland,,,,,,,GEOGRAPHY*CLASS*P,GEOGRAPHY*TYPE*T,,,GEOGRAPHY*RELATED_GEOCLASS*P,,BETA geoid 2415,,,,,,,,,,,,,,,,,,,,,,,,,,,2024-09-16,FAULHABER,,,,,,,Cleveland
BETA geoid 2955,GEOGRAPHY*NAME_CLASS*U,Dallas,,,,,,,GEOGRAPHY*CLASS*P,GEOGRAPHY*TYPE*T,,,GEOGRAPHY*RELATED_GEOCLASS*P,,BETA geoid 2931,,,,,,,,,,,,,,,,,,,,,,,,,,,2024-09-16,FAULHABER,,,,,,,Dallas
BETA geoid 2956,GEOGRAPHY*NAME_CLASS*U,Devon,,,,,,,GEOGRAPHY*CLASS*P,GEOGRAPHY*TYPE*T,,,GEOGRAPHY*RELATED_GEOCLASS*P,,BETA geoid 2192,,,,,,,,,,,,,,,,,,,,,,,,,,,2024-09-16,FAULHABER,,,,,,,Devon
BETA geoid 2957,GEOGRAPHY*NAME_CLASS*U,Elvas,,,,,,,GEOGRAPHY*CLASS*P,GEOGRAPHY*TYPE*T,,,GEOGRAPHY*RELATED_GEOCLASS*P,,BETA geoid 1142,,,,,,,,,,,,,,,,,,,,,,,,,,,2024-09-16,FAULHABER,,,,,,,Elvas
BETA geoid 2958,GEOGRAPHY*NAME_CLASS*U,Freiburg-im-Bresgau,,,,,,,GEOGRAPHY*CLASS*P,GEOGRAPHY*TYPE*T,,,GEOGRAPHY*RELATED_GEOCLASS*P,,BETA geoid 1248,,,,,,,,,,,,,,,,,,,,,,,,,,,2024-09-17,FAULHABER,,,,,,,Freiburg-im-Bresgau
BETA geoid 2959,GEOGRAPHY*NAME_CLASS*U,Cologny,,,,,,,GEOGRAPHY*CLASS*P,GEOGRAPHY*TYPE*T,,,GEOGRAPHY*RELATED_GEOCLASS*P,,BETA geoid 2237,,,,,,,,,,,,,,,,,,,,,,,,,,,2024-09-17,FAULHABER,,,,,,,Cologny
BETA geoid 2960,GEOGRAPHY*NAME_CLASS*U,Göttingen,,,,,,,GEOGRAPHY*CLASS*P,GEOGRAPHY*TYPE*T,,,GEOGRAPHY*RELATED_GEOCLASS*P,,BETA geoid 1248,,,,,,,,,,,,,,,,,,,,,,,,,,,2024-09-17,FAULHABER,2024-09-19,FAULHABER,,,,,Göttingen
BETA geoid 2961,GEOGRAPHY*NAME_CLASS*U,Hannover,,,,,,,GEOGRAPHY*CLASS*P,GEOGRAPHY*TYPE*T,,,GEOGRAPHY*RELATED_GEOCLASS*P,,BETA geoid 1248,,,,,,,,,,,,,,,,,,,,,,,,,,,2024-09-17,FAULHABER,,,,,,,Hannover
BETA geoid 2962,GEOGRAPHY*NAME_CLASS*U,Ithaca,,,,,,,GEOGRAPHY*CLASS*P,GEOGRAPHY*TYPE*T,,,GEOGRAPHY*RELATED_GEOCLASS*P,,BETA geoid 1955,,,,,,,,,,,,,,,,,,,,,,,,,,,2024-09-17,FAULHABER,2024-09-19,FAULHABER,,,,,Ithaca
BETA geoid 2963,GEOGRAPHY*NAME_CLASS*U,Kórnik pod Poznaniem,,,,,,,GEOGRAPHY*CLASS*P,GEOGRAPHY*TYPE*T,,,GEOGRAPHY*RELATED_GEOCLASS*P,,BETA geoid 2542,,,,,,,,,,,,,,,,,,,,,,,,,,,2024-09-17,FAULHABER,,,,,,,Kórnik pod Poznaniem
BETA geoid 2964,GEOGRAPHY*NAME_CLASS*U,Leeds,,,,,,,GEOGRAPHY*CLASS*P,GEOGRAPHY*TYPE*T,,,GEOGRAPHY*RELATED_GEOCLASS*P,,BETA geoid 2543,,,,,,,,,,,,,,,,,,,,,,,,,,,2024-09-17,FAULHABER,,,,,,,Leeds
BETA geoid 2965,GEOGRAPHY*NAME_CLASS*U,Mafra,,,,,,,GEOGRAPHY*CLASS*P,GEOGRAPHY*TYPE*T,,,GEOGRAPHY*RELATED_GEOCLASS*P,,BETA geoid 1142,2965.0,,,,,,,,,,,,,,,,,,,,,,,,,,2024-09-17,FAULHABER,,,,,,,Mafra
BETA geoid 2966,GEOGRAPHY*NAME_CLASS*U,Maó,,,,,,,GEOGRAPHY*CLASS*P,GEOGRAPHY*TYPE*T,,,GEOGRAPHY*RELATED_GEOCLASS*P,,BETA geoid 1004,2965.0,,,,,,,,,,,,,,,,,,,,,,,,,,2024-09-17,FAULHABER,,,,,,,Maó
BETA geoid 2967,GEOGRAPHY*NAME_CLASS*U,Maihingen,,,,,,,GEOGRAPHY*CLASS*P,GEOGRAPHY*TYPE*T,,,GEOGRAPHY*RELATED_GEOCLASS*P,,BETA geoid 1248,2965.0,,,,,,,,,,,,,,,,,,,,,,,,,,2024-09-17,FAULHABER,,,,,,,Maihingen
BETA geoid 2968,GEOGRAPHY*NAME_CLASS*U,Vila Viçosa,,,,,,,GEOGRAPHY*CLASS*P,GEOGRAPHY*TYPE*T,,,GEOGRAPHY*RELATED_GEOCLASS*P,,BETA geoid 1142,2965.0,,,,,,,,,,,,,,,,,,,,,,,,,,2024-09-17,FAULHABER,,,,,,,Vila Viçosa
BETA geoid 2969,GEOGRAPHY*NAME_CLASS*U,Minneapolis,,,,,,,GEOGRAPHY*CLASS*P,GEOGRAPHY*TYPE*T,,,GEOGRAPHY*RELATED_GEOCLASS*P,,BETA geoid 2927,2965.0,,,,,,,,,,,,,,,,,,,,,,,,,,2024-09-17,FAULHABER,,,,,,,Minneapolis
BETA geoid 2970,GEOGRAPHY*NAME_CLASS*U,Modena,,,,,,,GEOGRAPHY*CLASS*P,GEOGRAPHY*TYPE*T,,,GEOGRAPHY*RELATED_GEOCLASS*P,,BETA geoid 1029,2965.0,,,,,,,,,,,,,,,,,,,,,,,,,,2024-09-17,FAULHABER,,,,,,,Modena
BETA geoid 2971,GEOGRAPHY*NAME_CLASS*U,Montecassino,,,,,,,GEOGRAPHY*CLASS*P,GEOGRAPHY*TYPE*T,,,GEOGRAPHY*RELATED_GEOCLASS*P,,BETA geoid 1029,2965.0,,,,,,,,,,,,,,,,,,,,,,,,,,2024-09-17,FAULHABER,,,,,,,Montecassino
BETA geoid 2972,GEOGRAPHY*NAME_CLASS*U,Montreal,,,,,,,GEOGRAPHY*CLASS*P,GEOGRAPHY*TYPE*T,,,GEOGRAPHY*RELATED_GEOCLASS*P,,BETA geoid 1477,2965.0,,,,,,,,,,,,,,,,,,,,,,,,,,2024-09-17,FAULHABER,,,,,,,Montreal
BETA geoid 2973,GEOGRAPHY*NAME_CLASS*U,Moskva,,,,,,,GEOGRAPHY*CLASS*P,GEOGRAPHY*TYPE*T,,,GEOGRAPHY*RELATED_GEOCLASS*P,,BETA geoid 1477,2965.0,,,,,,,,,,,,,,,,,,,,,,,,,,2024-09-17,FAULHABER,,,,,,,Moskva
BETA geoid 2974,GEOGRAPHY*NAME_CLASS*U,New Orleans,,,,,,,GEOGRAPHY*CLASS*P,GEOGRAPHY*TYPE*T,,,GEOGRAPHY*RELATED_GEOCLASS*P,,BETA geoid 2928,2965.0,,,,,,,,,,,,,,,,,,,,,,,,,,2024-09-17,FAULHABER,,,,,,,New Orleans
BETA geoid 2975,GEOGRAPHY*NAME_CLASS*U,Perugia,,,,,,,GEOGRAPHY*CLASS*P,GEOGRAPHY*TYPE*T,,,GEOGRAPHY*RELATED_GEOCLASS*P,,BETA geoid 1029,2965.0,,,,,,,,,,,,,,,,,,,,,,,,,,2024-09-17,FAULHABER,,,,,,,Perugia
BETA geoid 2976,GEOGRAPHY*NAME_CLASS*U,Portsmouth,,,,,,,GEOGRAPHY*CLASS*P,GEOGRAPHY*TYPE*T,,,GEOGRAPHY*RELATED_GEOCLASS*P,,BETA geoid 2543,2965.0,,,,,,,,,,,,,,,,,,,,,,,,,,2024-09-17,FAULHABER,,,,,,,Portsmouth
BETA geoid 2977,GEOGRAPHY*NAME_CLASS*U,Princeton,,,,,,,GEOGRAPHY*CLASS*P,GEOGRAPHY*TYPE*T,,,GEOGRAPHY*RELATED_GEOCLASS*P,,BETA geoid 2930,2965.0,,,,,,,,,,,,,,,,,,,,,,,,,,2024-09-17,FAULHABER,2024-09-19,FAULHABER,,,,,Princeton
BETA geoid 2978,GEOGRAPHY*NAME_CLASS*U,Salzburg,,,,,,,GEOGRAPHY*CLASS*P,GEOGRAPHY*TYPE*T,,,GEOGRAPHY*RELATED_GEOCLASS*P,,BETA geoid 1024,2965.0,,,,,,,,,,,,,,,,,,,,,,,,,,2024-09-17,FAULHABER,,,,,,,Salzburg
BETA geoid 2979,GEOGRAPHY*NAME_CLASS*U,San Juan,,,,,,,GEOGRAPHY*CLASS*P,GEOGRAPHY*TYPE*T,,,GEOGRAPHY*RELATED_GEOCLASS*P,,BETA geoid 2942,2965.0,,,,,,,,,,,,,,,,,,,,,,,,,,2024-09-17,FAULHABER,,,,,,,San Juan
BETA geoid 2981,GEOGRAPHY*NAME_CLASS*U,Southport,,,,,,,GEOGRAPHY*CLASS*P,GEOGRAPHY*TYPE*T,,,GEOGRAPHY*RELATED_GEOCLASS*P,,BETA geoid 2740,,,,,,,,,,,,,,,,,,,,,,,,,,,2024-09-17,FAULHABER,,,,,,,Southport
BETA geoid 2982,GEOGRAPHY*NAME_CLASS*U,Stonyhurst,,,,,,,GEOGRAPHY*CLASS*P,GEOGRAPHY*TYPE*T,,,GEOGRAPHY*RELATED_GEOCLASS*P,,BETA geoid 2543,,,,,,,,,,,,,,,,,,,,,,,,,,,2024-09-17,FAULHABER,,,,,,,Stonyhurst
BETA geoid 2983,GEOGRAPHY*NAME_CLASS*U,Stuttgart,,,,,,,GEOGRAPHY*CLASS*P,GEOGRAPHY*TYPE*T,,,GEOGRAPHY*RELATED_GEOCLASS*P,,BETA geoid 1248,,,,,,,,,,,,,,,,,,,,,,,,,,,2024-09-17,FAULHABER,,,,,,,Stuttgart
BETA geoid 2984,GEOGRAPHY*NAME_CLASS*U,La Laguna de Tenerife,,,,,,,GEOGRAPHY*CLASS*P,GEOGRAPHY*TYPE*T,,,GEOGRAPHY*RELATED_GEOCLASS*P,,BETA geoid 1004,,,,,,,,,,,,,,,,,,,,,,,,,,,2024-09-17,FAULHABER,,,,,,,La Laguna de Tenerife
BETA geoid 2985,GEOGRAPHY*NAME_CLASS*U,Torino,,,,,,,GEOGRAPHY*CLASS*P,GEOGRAPHY*TYPE*T,,,GEOGRAPHY*RELATED_GEOCLASS*P,,BETA geoid 1029,,,,,,,,,,,,,,,,,,,,,,,,,,,2024-09-17,FAULHABER,,,,,,,Torino
BETA geoid 2986,GEOGRAPHY*NAME_CLASS*U,Uppsala,,,,,,,GEOGRAPHY*CLASS*P,GEOGRAPHY*TYPE*T,,,GEOGRAPHY*RELATED_GEOCLASS*P,,BETA geoid 1392,,,,,,,,,,,,,,,,,,,,,,,,,,,2024-09-17,FAULHABER,,,,,,,Uppsala
BETA geoid 2987,GEOGRAPHY*NAME_CLASS*U,Urbana,,,,,,,GEOGRAPHY*CLASS*P,GEOGRAPHY*TYPE*T,,,GEOGRAPHY*RELATED_GEOCLASS*P,,BETA geoid 1474,,,,,,,,,,,,,,,,,,,,,,,,,,,2024-09-17,FAULHABER,2024-09-17,FAULHABER,,,,,Urbana
BETA geoid 2988,GEOGRAPHY*NAME_CLASS*U,Bueu,,,,,,,GEOGRAPHY*CLASS*P,GEOGRAPHY*TYPE*T,,,GEOGRAPHY*RELATED_GEOCLASS*P,,BETA geoid 1004,,,,,,,,,,,,,,,,,,,,,,,,,,,2024-09-17,FAULHABER,,,,,,,Bueu
BETA geoid 2989,GEOGRAPHY*NAME_CLASS*U,Williamstown,,,,,,,GEOGRAPHY*CLASS*P,GEOGRAPHY*TYPE*T,,,GEOGRAPHY*RELATED_GEOCLASS*P,,BETA geoid 1479,,,,,,,,,,,,,,,,,,,,,,,,,,,2024-09-17,FAULHABER,,,,,,,Williamstown
BETA geoid 2990,GEOGRAPHY*NAME_CLASS*U,Wolfenbuttel,,,,,,,GEOGRAPHY*CLASS*P,GEOGRAPHY*TYPE*T,,,GEOGRAPHY*RELATED_GEOCLASS*P,,BETA geoid 1248,,,,,,,,,,,,,,,,,,,,,,,,,,,2024-09-17,FAULHABER,,,,,,,Wolfenbuttel
BETA geoid 2991,GEOGRAPHY*NAME_CLASS*U,Wyncote,,,,,,,GEOGRAPHY*CLASS*P,GEOGRAPHY*TYPE*T,,,GEOGRAPHY*RELATED_GEOCLASS*P,,BETA geoid 2192,,,,,,,,,,,,,,,,,,,,,,,,,,,2024-09-17,FAULHABER,,,,,,,Wyncote
BETA geoid 2992,GEOGRAPHY*NAME_CLASS*U,Longmont,,,,,,,GEOGRAPHY*CLASS*P,GEOGRAPHY*TYPE*T,,,GEOGRAPHY*RELATED_GEOCLASS*P,,BETA geoid 2993,,,,,,,,,,,,,,,,,,,,,,,,,,,2024-09-17,FAULHABER,2024-09-17,FAULHABER,,,,,Longmont
BETA geoid 2993,GEOGRAPHY*NAME_CLASS*U,Colorado,,,,,,,GEOGRAPHY*CLASS*P,GEOGRAPHY*TYPE*S,,,GEOGRAPHY*RELATED_GEOCLASS*P,,BETA geoid 1837,,,,,,,,,,,,,,,,,,,,,,,,,,,2024-09-17,FAULHABER,,,,,,,Colorado (estado)
BETA geoid 2994,GEOGRAPHY*NAME_CLASS*U,State College,,,,,,,GEOGRAPHY*CLASS*P,GEOGRAPHY*TYPE*T,,,GEOGRAPHY*RELATED_GEOCLASS*P,,BETA geoid 2192,,,,,,,,,,,,,,,,,,,,,,,,,,,2024-09-17,FAULHABER,,,,,,,State College
BETA geoid 2995,GEOGRAPHY*NAME_CLASS*U,Canet del Mar,,,,,,,GEOGRAPHY*CLASS*P,GEOGRAPHY*TYPE*T,,,GEOGRAPHY*RELATED_GEOCLASS*P,,BETA geoid 1004,,,,,,,,,,,,,,,,,,,,,,,,,,,2024-09-17,FAULHABER,,,,,,,Canet del Mar
BETA geoid 2996,GEOGRAPHY*NAME_CLASS*U,Manila,,,,,,,GEOGRAPHY*CLASS*P,GEOGRAPHY*TYPE*T,,,GEOGRAPHY*RELATED_GEOCLASS*P,,BETA geoid 2944,,,,,,,,,,,,,,,,,,,,,,,,,,,2024-09-17,FAULHABER,2024-09-17,FAULHABER,,,,,Manila
BETA geoid 2997,GEOGRAPHY*NAME_CLASS*U,Indianapolis,,,,,,,GEOGRAPHY*CLASS*P,GEOGRAPHY*TYPE*T,,,GEOGRAPHY*RELATED_GEOCLASS*P,,BETA geoid 2925,,,,,,,,,,,,,,,,,,,,,,,,,,,2024-09-17,FAULHABER,,,,,,,Indianapolis
BETA geoid 2998,GEOGRAPHY*NAME_CLASS*U,Poyo,,,,,,,GEOGRAPHY*CLASS*P,GEOGRAPHY*TYPE*T,,,GEOGRAPHY*RELATED_GEOCLASS*P,,BETA geoid 1004,,,,,,,,,,,,,,,,,,,,,,,,,,,2024-09-17,FAULHABER,,,,,,,Poyo
BETA geoid 2999,GEOGRAPHY*NAME_CLASS*U,Sanremo,,,,,,,GEOGRAPHY*CLASS*P,GEOGRAPHY*TYPE*T,,,GEOGRAPHY*RELATED_GEOCLASS*P,,BETA geoid 1029,,,,,,,,,,,,,,,,,,,,,,,,,,,2024-09-17,FAULHABER,,,,,,,Sanremo
BETA geoid 3000,GEOGRAPHY*NAME_CLASS*U,Aix-en-Provence,,,,,,,GEOGRAPHY*CLASS*P,GEOGRAPHY*TYPE*T,,,GEOGRAPHY*RELATED_GEOCLASS*P,,BETA geoid 1002,,,,,,,,,,,,,,,,,,,,,,,,,,,2024-09-17,FAULHABER,,,,,,,Aix-en-Provence
BETA geoid 3001,GEOGRAPHY*NAME_CLASS*U,Melbourne,,,,,,,GEOGRAPHY*CLASS*P,GEOGRAPHY*TYPE*T,,,GEOGRAPHY*RELATED_GEOCLASS*P,,BETA geoid 1481,,,,,,,,,,,,,,,,,,,,,,,,,,,2024-09-17,FAULHABER,,,,,,,Melbourne
BETA geoid 3003,GEOGRAPHY*NAME_CLASS*U,Yesa,,,,,,,GEOGRAPHY*CLASS*P,GEOGRAPHY*TYPE*T,,,GEOGRAPHY*RELATED_GEOCLASS*P,,BETA geoid 1004,,,,,,,,,,,,,,,,,,,,,,,,,,,2024-09-17,FAULHABER,,,,,,,Yesa
BETA geoid 3004,GEOGRAPHY*NAME_CLASS*U,St Albans,,,,,,,GEOGRAPHY*CLASS*P,GEOGRAPHY*TYPE*T,,,GEOGRAPHY*RELATED_GEOCLASS*P,,BETA geoid 2543,,,,,,,,,,,,,,,,,,,,,,,,,,,2024-09-17,FAULHABER,,,,,,,St Albans
BETA geoid 3005,GEOGRAPHY*NAME_CLASS*U,Collegeville,,,,,,,GEOGRAPHY*CLASS*P,GEOGRAPHY*TYPE*T,,,GEOGRAPHY*RELATED_GEOCLASS*P,,BETA geoid 2927,,,,,,,,,,,,,,,,,,,,,,,,,,,2024-09-17,FAULHABER,,,,,,,Collegeville
BETA geoid 3006,GEOGRAPHY*NAME_CLASS*U,Cortland,,,,,,,GEOGRAPHY*CLASS*P,GEOGRAPHY*TYPE*T,,,GEOGRAPHY*RELATED_GEOCLASS*P,,BETA geoid 1955,,,,,,,,,,,,,,,,,,,,,,,,,,,2024-09-17,FAULHABER,,,,,,,Cortland
BETA geoid 3007,GEOGRAPHY*NAME_CLASS*U,Nottingham,,,,,,,GEOGRAPHY*CLASS*P,GEOGRAPHY*TYPE*T,,,GEOGRAPHY*RELATED_GEOCLASS*P,,BETA geoid 2543,,,,,,,,,,,,,,,,,,,,,,,,,,,2024-09-17,FAULHABER,,,,,,,Nottingham
BETA geoid 3008,GEOGRAPHY*NAME_CLASS*U,League City,,,,,,,GEOGRAPHY*CLASS*P,GEOGRAPHY*TYPE*T,,,GEOGRAPHY*RELATED_GEOCLASS*P,,BETA geoid 2931,,,,,,,,,,,,,,,,,,,,,,,,,,,2024-09-17,FAULHABER,,,,,,,League City
BETA geoid 3009,GEOGRAPHY*NAME_CLASS*U,Sankt-Peterburg,,,,,,,GEOGRAPHY*CLASS*P,GEOGRAPHY*TYPE*T,,,GEOGRAPHY*RELATED_GEOCLASS*P,,BETA geoid 2943,,,,,,,,,,,,,,,,,,,,,,,,,,,2024-09-17,FAULHABER,,,,,,,Sankt-Peterburg
BETA geoid 3011,GEOGRAPHY*NAME_CLASS*U,Ballarat,,,,,,,GEOGRAPHY*CLASS*P,GEOGRAPHY*TYPE*T,,,GEOGRAPHY*RELATED_GEOCLASS*P,,BETA geoid 1481,,,,,,,,,,,,,,,,,,,,,,,,,,,2024-09-17,FAULHABER,,,,,,,Ballarat
BETA geoid 3013,GEOGRAPHY*NAME_CLASS*U,Santa Barbara,,,,,,,GEOGRAPHY*CLASS*P,GEOGRAPHY*TYPE*T,,,GEOGRAPHY*RELATED_GEOCLASS*P,,BETA geoid 1836,,,,,,,,,,,,,,,,,,,,,,,,,,,2024-09-17,FAULHABER,,,,,,,Santa Barbara
BETA geoid 3014,GEOGRAPHY*NAME_CLASS*U,Balcarres,,,,,,,GEOGRAPHY*CLASS*P,GEOGRAPHY*TYPE*T,,,GEOGRAPHY*RELATED_GEOCLASS*P,,BETA geoid 1638,,,,,,,,,,,,,,,,,,,,,,,,,,,2024-09-17,FAULHABER,,,,,,,Balcarres
BETA geoid 3015,GEOGRAPHY*NAME_CLASS*U,La Jolla,,,,,,,GEOGRAPHY*CLASS*P,GEOGRAPHY*TYPE*T,,,GEOGRAPHY*RELATED_GEOCLASS*P,,BETA geoid 1836,,,,,,,,,,,,,,,,,,,,,,,,,,,2024-09-17,FAULHABER,,,,,,,La Jolla
BETA geoid 3017,GEOGRAPHY*NAME_CLASS*U,Albuquerque,,,,,,,GEOGRAPHY*CLASS*P,GEOGRAPHY*TYPE*T,,,GEOGRAPHY*RELATED_GEOCLASS*P,,BETA geoid 2932,,,,,,,,,,,,,,,,,,,,,,,,,,,2024-09-17,FAULHABER,,,,,,,Albuquerque
BETA geoid 3018,GEOGRAPHY*NAME_CLASS*U,Durham,,,,,,,GEOGRAPHY*CLASS*P,GEOGRAPHY*TYPE*T,,,GEOGRAPHY*RELATED_GEOCLASS*P,,BETA geoid 2543,,,,,,,,,,,,,,,,,,,,,,,,,,,2024-09-17,FAULHABER,2024-09-17,FAULHABER,,,,,Durham
BETA geoid 3019,GEOGRAPHY*NAME_CLASS*U,St. Florian,,,,,,,GEOGRAPHY*CLASS*P,GEOGRAPHY*TYPE*T,,,GEOGRAPHY*RELATED_GEOCLASS*P,,BETA geoid 1024,,,,,,,,,,,,,,,,,,,,,,,,,,,2024-09-17,FAULHABER,,,,,,,St. Florian
BETA geoid 3020,GEOGRAPHY*NAME_CLASS*U,Davis,,,,,,,GEOGRAPHY*CLASS*P,GEOGRAPHY*TYPE*T,,,GEOGRAPHY*RELATED_GEOCLASS*P,,BETA geoid 1836,,,,,,,,,,,,,,,,,,,,,,,,,,,2024-09-17,FAULHABER,,,,,,,Davis
BETA geoid 3021,GEOGRAPHY*NAME_CLASS*U,Riverside,,,,,,,GEOGRAPHY*CLASS*P,GEOGRAPHY*TYPE*T,,,GEOGRAPHY*RELATED_GEOCLASS*P,,BETA geoid 1836,,,,,,,,,,,,,,,,,,,,,,,,,,,2024-09-17,FAULHABER,,,,,,,Riverside
BETA geoid 3022,GEOGRAPHY*NAME_CLASS*U,Hamburg,,,,,,,GEOGRAPHY*CLASS*P,GEOGRAPHY*TYPE*T,,,GEOGRAPHY*RELATED_GEOCLASS*P,,BETA geoid 1248,,,,,,,,,,,,,,,,,,,,,,,,,,,2024-09-17,FAULHABER,,,,,,,Hamburg
BETA geoid 3023,GEOGRAPHY*NAME_CLASS*U,L’viv,,,,,,,GEOGRAPHY*CLASS*P,GEOGRAPHY*TYPE*T,,,,,,,,,,,,,,,,,,,,,,,,,,,,,,,,2024-09-17,FAULHABER,2024-09-22,FAULHABER,,,,,L’viv
BETA geoid 3024,GEOGRAPHY*NAME_CLASS*U,Cavtat,,,,,,,GEOGRAPHY*CLASS*P,GEOGRAPHY*TYPE*T,,,GEOGRAPHY*RELATED_GEOCLASS*P,,BETA geoid 2945,,,,,,,,,,,,,,,,,,,,,,,,,,,2024-09-17,FAULHABER,,,,,,,Cavtat
BETA geoid 3025,GEOGRAPHY*NAME_CLASS*U,Durham,,,,,,,GEOGRAPHY*CLASS*P,GEOGRAPHY*TYPE*T,,,GEOGRAPHY*RELATED_GEOCLASS*P,,BETA geoid 2926,,,,,,,,,,,,,,,,,,,,,,,,,,,2024-09-17,FAULHABER,,,,,,,Durham
BETA geoid 3026,GEOGRAPHY*NAME_CLASS*U,Austin,,,,,,,GEOGRAPHY*CLASS*P,GEOGRAPHY*TYPE*T,,,GEOGRAPHY*RELATED_GEOCLASS*P,,BETA geoid 2931,,,,,,,,,,,,,,,,,,,,,,,,,,,2024-09-17,FAULHABER,,,,,,,Austin
BETA geoid 3027,GEOGRAPHY*NAME_CLASS*U,Mercogliano,,,,,,,GEOGRAPHY*CLASS*P,GEOGRAPHY*TYPE*T,,,GEOGRAPHY*RELATED_GEOCLASS*P,,BETA geoid 1029,,,,,,,,,,,,,,,,,,,,,,,,,,,2024-09-18,FAULHABER,,,,,,,Mercogliano
BETA geoid 3028,GEOGRAPHY*NAME_CLASS*U,Columbia,,,,,,,GEOGRAPHY*CLASS*P,GEOGRAPHY*TYPE*T,,,GEOGRAPHY*RELATED_GEOCLASS*P,,BETA geoid 2933,,,,,,,,,,,,,,,,,,,,,,,,,,,2024-09-18,FAULHABER,,,,,,,Columbia
BETA geoid 3029,GEOGRAPHY*NAME_CLASS*U,Wroclaw,,,,,,,GEOGRAPHY*CLASS*P,GEOGRAPHY*TYPE*T,,,GEOGRAPHY*RELATED_GEOCLASS*P,,BETA geoid 2542,,,,,,,,,,,,,,,,,,,,,,,,,,,2024-09-18,FAULHABER,,,,,,,Wroclaw
BETA geoid 3030,GEOGRAPHY*NAME_CLASS*U,Halle,,,,,,,GEOGRAPHY*CLASS*P,GEOGRAPHY*TYPE*T,,,GEOGRAPHY*RELATED_GEOCLASS*P,,BETA geoid 1248,,,,,,,,,,,,,,,,,,,,,,,,,,,2024-09-18,FAULHABER,2024-09-22,FAULHABER,,,,,Halle
BETA geoid 3031,GEOGRAPHY*NAME_CLASS*U,Stanford,,,,,,,GEOGRAPHY*CLASS*P,GEOGRAPHY*TYPE*T,,,GEOGRAPHY*RELATED_GEOCLASS*P,,BETA geoid 1836,,,,,,,,,,,,,,,,,,,,,,,,,,,2024-09-18,FAULHABER,,,,,,,Stanford
BETA geoid 3032,GEOGRAPHY*NAME_CLASS*U,Piacenza,,,,,,,GEOGRAPHY*CLASS*P,GEOGRAPHY*TYPE*T,,,GEOGRAPHY*RELATED_GEOCLASS*P,,BETA geoid 1029,,,,,,,,,,,,,,,,,,,,,,,,,,,2024-09-18,FAULHABER,,,,,,,Piacenza
BETA geoid 3033,GEOGRAPHY*NAME_CLASS*U,Lublin,,,,,,,GEOGRAPHY*CLASS*P,GEOGRAPHY*TYPE*T,,,GEOGRAPHY*RELATED_GEOCLASS*P,,BETA geoid 2542,,,,,,,,,,,,,,,,,,,,,,,,,,,2024-09-18,FAULHABER,,,,,,,Lublin
BETA geoid 3034,GEOGRAPHY*NAME_CLASS*U,Fayetteville,,,,,,,GEOGRAPHY*CLASS*P,GEOGRAPHY*TYPE*T,,,GEOGRAPHY*RELATED_GEOCLASS*P,,BETA geoid 2934,,,,,,,,,,,,,,,,,,,,,,,,,,,2024-09-18,FAULHABER,,,,,,,Fayetteville
BETA geoid 3035,GEOGRAPHY*NAME_CLASS*U,Azpeitia,,,,,,,GEOGRAPHY*CLASS*P,GEOGRAPHY*TYPE*T,,,GEOGRAPHY*RELATED_GEOCLASS*P,,BETA geoid 1004,,,,,,,,,,,,,,,,,,,,,,,,,,,2024-09-18,FAULHABER,2024-09-18,FAULHABER,,,,,Azpeitia
BETA geoid 3036,GEOGRAPHY*NAME_CLASS*U,Briones,,,,,,,GEOGRAPHY*CLASS*P,GEOGRAPHY*TYPE*T,,,GEOGRAPHY*RELATED_GEOCLASS*P,,BETA geoid 1004,,,,,,,,,,,,,,,,,,,,,,,,,,,2024-09-18,FAULHABER,,,,,,,Briones
BETA geoid 3037,GEOGRAPHY*NAME_CLASS*U,Novés,,,,,,,GEOGRAPHY*CLASS*P,GEOGRAPHY*TYPE*T,,,GEOGRAPHY*RELATED_GEOCLASS*P,,BETA geoid 1004,,,,,,,,,,,,,,,,,,,,,,,,,,,2024-09-18,FAULHABER,,,,,,,Novés
BETA geoid 3038,GEOGRAPHY*NAME_CLASS*U,Granville,,,,,,,GEOGRAPHY*CLASS*P,GEOGRAPHY*TYPE*T,,,GEOGRAPHY*RELATED_GEOCLASS*P,,BETA geoid 2415,,,,,,,,,,,,,,,,,,,,,,,,,,,2024-09-18,FAULHABER,,,,,,,Granville
BETA geoid 3039,GEOGRAPHY*NAME_CLASS*U,Athens,,,,,,,,,,,GEOGRAPHY*RELATED_GEOCLASS*P,,BETA geoid 2415,,,,,,,,,,,,,,,,,,,,,,,,,,,2024-09-18,FAULHABER,,,,,,,Athens
BETA geoid 3040,GEOGRAPHY*NAME_CLASS*U,Oxford,,,,,,,GEOGRAPHY*CLASS*P,GEOGRAPHY*TYPE*T,,,GEOGRAPHY*RELATED_GEOCLASS*P,,BETA geoid 2415,,,,,,,,,,,,,,,,,,,,,,,,,,,2024-09-18,FAULHABER,2024-09-18,FAULHABER,,,,,Oxford
BETA geoid 3041,GEOGRAPHY*NAME_CLASS*U,St. Louis,,,,,,,GEOGRAPHY*CLASS*P,GEOGRAPHY*TYPE*T,,,GEOGRAPHY*RELATED_GEOCLASS*P,,BETA geoid 2935,,,,,,,,,,,,,,,,,,,,,,,,,,,2024-09-18,FAULHABER,2024-09-18,FAULHABER,,,,,St. Louis
BETA geoid 3042,GEOGRAPHY*NAME_CLASS*U,Charlottesville,,,,,,,GEOGRAPHY*CLASS*P,GEOGRAPHY*TYPE*T,,,GEOGRAPHY*RELATED_GEOCLASS*P,,BETA geoid 2936,,,,,,,,,,,,,,,,,,,,,,,,,,,2024-09-18,FAULHABER,2024-09-18,FAULHABER,,,,,Charlottesville
BETA geoid 3043,GEOGRAPHY*NAME_CLASS*U,College Station,,,,,,,GEOGRAPHY*CLASS*P,GEOGRAPHY*TYPE*T,,,GEOGRAPHY*RELATED_GEOCLASS*P,,BETA geoid 2931,,,,,,,,,,,,,,,,,,,,,,,,,,,2024-09-18,FAULHABER,2024-09-18,FAULHABER,,,,,College Station
BETA geoid 3044,GEOGRAPHY*NAME_CLASS*U,La Habana,,,,,,,,,,,GEOGRAPHY*RELATED_GEOCLASS*P,,BETA geoid 2946,,,,,,,,,,,,,,,,,,,,,,,,,,,2024-09-18,FAULHABER,2024-09-18,FAULHABER,,,,,La Habana
BETA geoid 3045,GEOGRAPHY*NAME_CLASS*U,Santiago,,,,,,,GEOGRAPHY*CLASS*P,GEOGRAPHY*TYPE*T,,,GEOGRAPHY*RELATED_GEOCLASS*P,,BETA geoid 2331,,,,,,,,,,,,,,,,,,,,,,,,,,,2024-09-18,FAULHABER,2024-09-18,FAULHABER,,,,,Santiago
BETA geoid 3046,GEOGRAPHY*NAME_CLASS*U,Coral Gables,,,,,,,GEOGRAPHY*CLASS*P,GEOGRAPHY*TYPE*T,,,GEOGRAPHY*RELATED_GEOCLASS*P,,BETA geoid 2937,,,,,,,,,,,,,,,,,,,,,,,,,,,2024-09-18,FAULHABER,2024-09-18,FAULHABER,,,,,Coral Gables
BETA geoid 3047,GEOGRAPHY*NAME_CLASS*U,Detroit,,,,,,,GEOGRAPHY*CLASS*P,GEOGRAPHY*TYPE*T,,,GEOGRAPHY*RELATED_GEOCLASS*P,,BETA geoid 2540,,,,,,,,,,,,,,,,,,,,,,,,,,,2024-09-18,FAULHABER,2024-09-18,FAULHABER,,,,,Detroit
BETA geoid 3048,GEOGRAPHY*NAME_CLASS*U,Groningen,,,,,,,GEOGRAPHY*CLASS*P,GEOGRAPHY*TYPE*T,,,GEOGRAPHY*RELATED_GEOCLASS*P,,BETA geoid 1248,,,,,,,,,,,,,,,,,,,,,,,,,,,2024-09-18,FAULHABER,2024-09-18,FAULHABER,,,,,Groningen
BETA geoid 3049,GEOGRAPHY*NAME_CLASS*U,Lubbock,,,,,,,GEOGRAPHY*CLASS*P,GEOGRAPHY*TYPE*T,,,GEOGRAPHY*RELATED_GEOCLASS*P,,BETA geoid 2931,,,,,,,,,,,,,,,,,,,,,,,,,,,2024-09-18,FAULHABER,2024-09-18,FAULHABER,,,,,Lubbock
BETA geoid 3050,GEOGRAPHY*NAME_CLASS*U,Evanston,,,,,,,GEOGRAPHY*CLASS*P,GEOGRAPHY*TYPE*T,,,GEOGRAPHY*RELATED_GEOCLASS*P,,BETA geoid 1474,,,,,,,,,,,,,,,,,,,,,,,,,,,2024-09-18,FAULHABER,2024-09-18,FAULHABER,,,,,Evanston
BETA geoid 3051,GEOGRAPHY*NAME_CLASS*U,Gainesville,,,,,,,GEOGRAPHY*CLASS*P,GEOGRAPHY*TYPE*T,,,GEOGRAPHY*RELATED_GEOCLASS*P,,BETA geoid 2937,,,,,,,,,,,,,,,,,,,,,,,,,,,2024-09-18,FAULHABER,,,,,,,Gainesville
BETA geoid 3052,GEOGRAPHY*NAME_CLASS*U,Storrs,,,,,,,GEOGRAPHY*CLASS*P,GEOGRAPHY*TYPE*T,,,GEOGRAPHY*RELATED_GEOCLASS*P,,BETA geoid 2740,,,,,,,,,,,,,,,,,,,,,,,,,,,2024-09-18,FAULHABER,,,,,,,Storrs
BETA geoid 3053,GEOGRAPHY*NAME_CLASS*U,Sydney,,,,,,,GEOGRAPHY*CLASS*P,GEOGRAPHY*TYPE*T,,,GEOGRAPHY*RELATED_GEOCLASS*P,,BETA geoid 1481,,,,,,,,,,,,,,,,,,,,,,,,,,,2024-09-18,FAULHABER,,,,,,,Sydney
BETA geoid 3054,GEOGRAPHY*NAME_CLASS*U,Weimar,,,,,,,GEOGRAPHY*CLASS*P,GEOGRAPHY*TYPE*T,,,GEOGRAPHY*RELATED_GEOCLASS*P,,BETA geoid 1248,,,,,,,,,,,,,,,,,,,,,,,,,,,2024-09-18,FAULHABER,2024-09-18,FAULHABER,,,,,Weimar
BETA geoid 3055,GEOGRAPHY*NAME_CLASS*U,Lawrence,,,,,,,GEOGRAPHY*CLASS*P,GEOGRAPHY*TYPE*T,,,GEOGRAPHY*RELATED_GEOCLASS*P,,BETA geoid 2939,,,,,,,,,,,,,,,,,,,,,,,,,,,2024-09-18,FAULHABER,,,,,,,Lawrence
BETA geoid 3056,GEOGRAPHY*NAME_CLASS*U,Würzburg,,,,,,,GEOGRAPHY*CLASS*P,GEOGRAPHY*TYPE*T,,,GEOGRAPHY*RELATED_GEOCLASS*P,,BETA geoid 1248,,,,,,,,,,,,,,,,,,,,,,,,,,,2024-09-18,FAULHABER,,,,,,,Würzburg
BETA geoid 3057,GEOGRAPHY*NAME_CLASS*U,Boulder,,,,,,,GEOGRAPHY*CLASS*P,GEOGRAPHY*TYPE*T,,,GEOGRAPHY*RELATED_GEOCLASS*P,,BETA geoid 2993,,,,,,,,,,,,,,,,,,,,,,,,,,,2024-09-18,FAULHABER,,,,,,,Boulder
BETA geoid 3058,GEOGRAPHY*NAME_CLASS*U,Nashville,,,,,,,GEOGRAPHY*CLASS*P,GEOGRAPHY*TYPE*T,,,GEOGRAPHY*RELATED_GEOCLASS*P,,BETA geoid 2940,,,,,,,,,,,,,,,,,,,,,,,,,,,2024-09-18,FAULHABER,,,,,,,Nashville
BETA geoid 3059,GEOGRAPHY*NAME_CLASS*U,Langres,,,,,,,GEOGRAPHY*CLASS*P,GEOGRAPHY*TYPE*T,,,GEOGRAPHY*RELATED_GEOCLASS*P,,BETA geoid 1002,,,,,,,,,,,,,,,,,,,,,,,,,,,2024-09-18,FAULHABER,,,,,,,Langres
BETA geoid 3060,GEOGRAPHY*NAME_CLASS*U,Caracas,,,,,,,GEOGRAPHY*CLASS*P,GEOGRAPHY*TYPE*T,,,GEOGRAPHY*RELATED_GEOCLASS*P,,BETA geoid 2947,,,,,,,,,,,,,,,,,,,,,,,,,,,2024-09-18,FAULHABER,,,,,,,Caracas
BETA geoid 3062,GEOGRAPHY*NAME_CLASS*U,Braga,,,,,,,GEOGRAPHY*CLASS*P,GEOGRAPHY*TYPE*T,,,GEOGRAPHY*RELATED_GEOCLASS*P,,BETA geoid 1142,,,,,,,,,,,,,,,,,,,,,,,,,,,2024-09-18,FAULHABER,,,,,,,Braga
BETA geoid 3063,GEOGRAPHY*NAME_CLASS*U,Vimbodí i Poblet,,,,,,,GEOGRAPHY*CLASS*P,GEOGRAPHY*TYPE*T,,,GEOGRAPHY*RELATED_GEOCLASS*P,,BETA geoid 1004,,,,,,,,,,,,,,,,,,,,,,,,,,,2024-09-18,FAULHABER,,,,,,,Vimbodí i Poblet
BETA geoid 3064,GEOGRAPHY*NAME_CLASS*U,Gubbio,,,,,,,GEOGRAPHY*CLASS*P,GEOGRAPHY*TYPE*T,,,GEOGRAPHY*RELATED_GEOCLASS*P,,BETA geoid 1029,,,,,,,,,,,,,,,,,,,,,,,,,,,2024-09-18,FAULHABER,,,,,,,Gubbio
BETA geoid 3065,GEOGRAPHY*NAME_CLASS*U,Göteborg,,,,,,,GEOGRAPHY*CLASS*P,GEOGRAPHY*TYPE*T,,,GEOGRAPHY*RELATED_GEOCLASS*P,,BETA geoid 1392,,,,,,,,,,,,,,,,,,,,,,,,,,,2024-09-18,FAULHABER,,,,,,,Göteborg
BETA geoid 3066,GEOGRAPHY*NAME_CLASS*U,Santa Fe,,,,,,,GEOGRAPHY*CLASS*P,GEOGRAPHY*TYPE*T,,,GEOGRAPHY*RELATED_GEOCLASS*P,,BETA geoid 2932,,,,,,,,,,,,,,,,,,,,,,,,,,,2024-09-18,FAULHABER,,,,,,,Santa Fe
BETA geoid 3067,GEOGRAPHY*NAME_CLASS*U,Dubuque,,,,,,,GEOGRAPHY*CLASS*P,GEOGRAPHY*TYPE*T,,,GEOGRAPHY*RELATED_GEOCLASS*P,,BETA geoid 2941,,,,,,,,,,,,,,,,,,,,,,,,,,,2024-09-18,FAULHABER,,,,,,,Dubuque
BETA geoid 3068,GEOGRAPHY*NAME_CLASS*U,Hanover,,,,,,,GEOGRAPHY*CLASS*P,GEOGRAPHY*TYPE*T,,,GEOGRAPHY*RELATED_GEOCLASS*P,,BETA geoid 2929,,,,,,,,,,,,,,,,,,,,,,,,,,,2024-09-18,FAULHABER,,,,,,,Hanover
BETA geoid 3069,GEOGRAPHY*NAME_CLASS*U,Monterrey,,,,,,,GEOGRAPHY*CLASS*P,GEOGRAPHY*TYPE*T,,,GEOGRAPHY*RELATED_GEOCLASS*P,,BETA geoid 1020,,,,,,,,,,,,,,,,,,,,,,,,,,,2024-09-18,FAULHABER,,,,,,,Monterrey
BETA geoid 3070,GEOGRAPHY*NAME_CLASS*U,Puigcerdá,,,,,,,GEOGRAPHY*CLASS*P,GEOGRAPHY*TYPE*T,,,GEOGRAPHY*RELATED_GEOCLASS*P,,BETA geoid 1004,,,,,,,,,,,,,,,,,,,,,,,,,,,2024-09-18,FAULHABER,,,,,,,Puigcerdá
BETA geoid 3071,GEOGRAPHY*NAME_CLASS*U,Quincy,,,,,,,GEOGRAPHY*CLASS*P,GEOGRAPHY*TYPE*T,,,GEOGRAPHY*RELATED_GEOCLASS*P,,BETA geoid 1479,,,,,,,,,,,,,,,,,,,,,,,,,,,2024-09-18,FAULHABER,,,,,,,Quincy
BETA geoid 3072,GEOGRAPHY*NAME_CLASS*U,Vilanova i la Geltrú,,,,,,,GEOGRAPHY*CLASS*P,GEOGRAPHY*TYPE*T,,,GEOGRAPHY*RELATED_GEOCLASS*P,,BETA geoid 1004,,,,,,,,,,,,,,,,,,,,,,,,,,,2024-09-18,FAULHABER,,,,,,,Vilanova i la Geltrú
BETA geoid 3073,GEOGRAPHY*NAME_CLASS*U,Milwaukee,,,,,,,GEOGRAPHY*CLASS*P,GEOGRAPHY*TYPE*T,,,GEOGRAPHY*RELATED_GEOCLASS*P,,BETA geoid 2486,,,,,,,,,,,,,,,,,,,,,,,,,,,2024-09-18,FAULHABER,,,,,,,Milwaukee
BETA geoid 3075,GEOGRAPHY*NAME_CLASS*U,Troyes,,,,,,,GEOGRAPHY*CLASS*P,GEOGRAPHY*TYPE*T,,,GEOGRAPHY*RELATED_GEOCLASS*P,,BETA geoid 1002,,,,,,,,,,,,,,,,,,,,,,,,,,,2024-09-18,FAULHABER,,,,,,,Troyes
BETA geoid 3076,GEOGRAPHY*NAME_CLASS*U,Le Mans,,,,,,,GEOGRAPHY*CLASS*P,GEOGRAPHY*TYPE*T,,,GEOGRAPHY*RELATED_GEOCLASS*P,,BETA geoid 1002,,,,,,,,,,,,,,,,,,,,,,,,,,,2024-09-19,FAULHABER,,,,,,,Le Mans
BETA geoid 3077,GEOGRAPHY*NAME_CLASS*U,Engelberg,,,,,,,GEOGRAPHY*CLASS*P,GEOGRAPHY*TYPE*T,,,GEOGRAPHY*RELATED_GEOCLASS*P,,BETA geoid 2237,,,,,,,,,,,,,,,,,,,,,,,,,,,2024-09-19,FAULHABER,,,,,,,Engelberg
BETA geoid 3079,GEOGRAPHY*NAME_CLASS*U,Livorno,,,,,,,GEOGRAPHY*CLASS*P,GEOGRAPHY*TYPE*T,,,GEOGRAPHY*RELATED_GEOCLASS*P,,BETA geoid 1029,,,,,,,,,,,,,,,,,,,,,,,,,,,2024-09-19,FAULHABER,,,,,,,Livorno
BETA geoid 3080,GEOGRAPHY*NAME_CLASS*U,Ames,,,,,,,GEOGRAPHY*CLASS*P,GEOGRAPHY*TYPE*T,,,GEOGRAPHY*RELATED_GEOCLASS*P,,BETA geoid 2941,,,,,,,,,,,,,,,,,,,,,,,,,,,2024-09-19,FAULHABER,,,,,,,Ames
BETA geoid 3081,GEOGRAPHY*NAME_CLASS*U,Broni,,,,,,,GEOGRAPHY*CLASS*P,GEOGRAPHY*TYPE*T,,,GEOGRAPHY*RELATED_GEOCLASS*P,,BETA geoid 1029,,,,,,,,,,,,,,,,,,,,,,,,,,,2024-09-19,FAULHABER,,,,,,,Broni
BETA geoid 3082,GEOGRAPHY*NAME_CLASS*U,Bristol,,,,,,,GEOGRAPHY*CLASS*P,GEOGRAPHY*TYPE*T,,,GEOGRAPHY*RELATED_GEOCLASS*P,,BETA geoid 2543,,,,,,,,,,,,,,,,,,,,,,,,,,,2024-09-19,FAULHABER,,,,,,,Bristol
BETA geoid 3083,GEOGRAPHY*NAME_CLASS*U,Albi,,,,,,,GEOGRAPHY*CLASS*P,GEOGRAPHY*TYPE*T,,,GEOGRAPHY*RELATED_GEOCLASS*P,,BETA geoid 1002,,,,,,,,,,,,,,,,,,,,,,,,,,,2024-09-19,FAULHABER,,,,,,,Albi
BETA geoid 3084,GEOGRAPHY*NAME_CLASS*U,Beaune,,,,,,,GEOGRAPHY*CLASS*P,GEOGRAPHY*TYPE*T,,,GEOGRAPHY*RELATED_GEOCLASS*P,,BETA geoid 1002,,,,,,,,,,,,,,,,,,,,,,,,,,,2024-09-19,FAULHABER,,,,,,,Beaune
BETA geoid 3085,GEOGRAPHY*NAME_CLASS*U,Coutances,,,,,,,GEOGRAPHY*CLASS*P,GEOGRAPHY*TYPE*T,,,GEOGRAPHY*RELATED_GEOCLASS*P,,BETA geoid 1002,,,,,,,,,,,,,,,,,,,,,,,,,,,2024-09-19,FAULHABER,,,,,,,Coutances
BETA geoid 3086,GEOGRAPHY*NAME_CLASS*U,Metz,,,,,,,GEOGRAPHY*CLASS*P,GEOGRAPHY*TYPE*T,,,GEOGRAPHY*RELATED_GEOCLASS*P,,BETA geoid 1002,,,,,,,,,,,,,,,,,,,,,,,,,,,2024-09-19,FAULHABER,,,,,,,Metz
BETA geoid 3087,GEOGRAPHY*NAME_CLASS*U,Colorno,,,,,,,GEOGRAPHY*CLASS*P,GEOGRAPHY*TYPE*T,,,GEOGRAPHY*RELATED_GEOCLASS*P,,BETA geoid 1029,,,,,,,,,,,,,,,,,,,,,,,,,,,2024-09-19,FAULHABER,,,,,,,Colorno
BETA geoid 3088,GEOGRAPHY*NAME_CLASS*U,Ponta Delgada,,,,,,,GEOGRAPHY*CLASS*P,GEOGRAPHY*TYPE*T,,,GEOGRAPHY*RELATED_GEOCLASS*P,,BETA geoid 1142,,,,,,,,,,,,,,,,,,,,,,,,,,,2024-09-19,FAULHABER,,,,,,,Ponta Delgada
BETA geoid 3089,GEOGRAPHY*NAME_CLASS*U,Tudanca,,,,,,,GEOGRAPHY*CLASS*P,GEOGRAPHY*TYPE*T,,,GEOGRAPHY*RELATED_GEOCLASS*P,,BETA geoid 1004,,,,,,,,,,,,,,,,,,,,,,,,,,,2024-09-19,FAULHABER,,,,,,,Tudanca
BETA geoid 3090,GEOGRAPHY*NAME_CLASS*U,Onteniente,,,,,,,GEOGRAPHY*CLASS*P,GEOGRAPHY*TYPE*T,,,GEOGRAPHY*RELATED_GEOCLASS*P,,BETA geoid 1004,,,,,,,,,,,,,,,,,,,,,,,,,,,2024-09-19,FAULHABER,,,,,,,Onteniente
BETA geoid 3091,GEOGRAPHY*NAME_CLASS*U,Arouca,,,,,,,GEOGRAPHY*CLASS*P,GEOGRAPHY*TYPE*T,,,GEOGRAPHY*RELATED_GEOCLASS*P,,BETA geoid 1142,,,,,,,,,,,,,,,,,,,,,,,,,,,2024-09-19,FAULHABER,,,,,,,Arouca
BETA geoid 3092,GEOGRAPHY*NAME_CLASS*U,Oslo,,,,,,,GEOGRAPHY*CLASS*P,GEOGRAPHY*TYPE*T,,,GEOGRAPHY*RELATED_GEOCLASS*P,,BETA geoid 2948,,,,,,,,,,,,,,,,,,,,,,,,,,,2024-09-19,FAULHABER,,,,,,,Oslo
BETA geoid 3093,GEOGRAPHY*NAME_CLASS*U,Camerino,,,,,,,GEOGRAPHY*CLASS*P,GEOGRAPHY*TYPE*T,,,GEOGRAPHY*RELATED_GEOCLASS*P,,BETA geoid 1029,,,,,,,,,,,,,,,,,,,,,,,,,,,2024-09-19,FAULHABER,,,,,,,Camerino
BETA geoid 3094,GEOGRAPHY*NAME_CLASS*U,Palestrina,,,,,,,GEOGRAPHY*CLASS*P,GEOGRAPHY*TYPE*T,,,GEOGRAPHY*RELATED_GEOCLASS*P,,BETA geoid 1029,,,,,,,,,,,,,,,,,,,,,,,,,,,2024-09-19,FAULHABER,,,,,,,Palestrina
BETA geoid 3095,GEOGRAPHY*NAME_CLASS*U,Allendale,,,,,,,GEOGRAPHY*CLASS*P,GEOGRAPHY*TYPE*T,,,GEOGRAPHY*RELATED_GEOCLASS*P,,BETA geoid 2540,,,,,,,,,,,,,,,,,,,,,,,,,,,2024-09-19,FAULHABER,,,,,,,Allendale
BETA geoid 3096,GEOGRAPHY*NAME_CLASS*U,East Lansing,,,,,,,GEOGRAPHY*CLASS*P,GEOGRAPHY*TYPE*T,,,GEOGRAPHY*RELATED_GEOCLASS*P,,BETA geoid 2540,,,,,,,,,,,,,,,,,,,,,,,,,,,2024-09-19,FAULHABER,,,,,,,East Lansing
BETA geoid 3098,GEOGRAPHY*NAME_CLASS*U,Budapest,,,,,,,GEOGRAPHY*CLASS*P,GEOGRAPHY*TYPE*T,,,GEOGRAPHY*RELATED_GEOCLASS*P,,BETA geoid 1766,,,,,,,,,,,,,,,,,,,,,,,,,,,2024-09-19,FAULHABER,,,,,,,Budapest
BETA geoid 3099,GEOGRAPHY*NAME_CLASS*U,Xalapa,,,,,,,GEOGRAPHY*CLASS*P,GEOGRAPHY*TYPE*T,,,GEOGRAPHY*RELATED_GEOCLASS*P,,BETA geoid 1020,,,,,,,,,,,,,,,,,,,,,,,,,,,2024-09-19,FAULHABER,,,,,,,Xalapa
BETA geoid 3100,GEOGRAPHY*NAME_CLASS*U,Rostock,,,,,,,GEOGRAPHY*CLASS*P,GEOGRAPHY*TYPE*T,,,GEOGRAPHY*RELATED_GEOCLASS*P,,BETA geoid 1248,,,,,,,,,,,,,,,,,,,,,,,,,,,2024-09-19,FAULHABER,2024-09-19,FAULHABER,,,,,Rostock
BETA geoid 3101,GEOGRAPHY*NAME_CLASS*U,Bregenz,,,,,,,GEOGRAPHY*CLASS*P,GEOGRAPHY*TYPE*T,,,GEOGRAPHY*RELATED_GEOCLASS*P,,BETA geoid 1024,,,,,,,,,,,,,,,,,,,,,,,,,,,2024-09-19,FAULHABER,2024-09-19,FAULHABER,,,,,Bregenz
BETA geoid 3102,GEOGRAPHY*NAME_CLASS*U,Nantes,,,,,,,GEOGRAPHY*CLASS*P,GEOGRAPHY*TYPE*T,,,GEOGRAPHY*RELATED_GEOCLASS*P,,BETA geoid 1002,,,,,,,,,,,,,,,,,,,,,,,,,,,2024-09-19,FAULHABER,,,,,,,Nantes
BETA geoid 3103,GEOGRAPHY*NAME_CLASS*U,Český Krumlov,,,,,,,GEOGRAPHY*CLASS*P,GEOGRAPHY*TYPE*T,,,GEOGRAPHY*RELATED_GEOCLASS*P,,BETA geoid 2489,,,,,,,,,,,,,,,,,,,,,,,,,,,2024-09-19,FAULHABER,,,,,,,Český Krumlov
BETA geoid 3104,GEOGRAPHY*NAME_CLASS*U,Châlons-en-Champagne,,,,,,,GEOGRAPHY*CLASS*P,GEOGRAPHY*TYPE*T,,,GEOGRAPHY*RELATED_GEOCLASS*P,,BETA geoid 1002,,,,,,,,,,,,,,,,,,,,,,,,,,,2024-09-19,FAULHABER,2024-09-19,FAULHABER,,,,,Châlons-en-Champagne
BETA geoid 3105,GEOGRAPHY*NAME_CLASS*U,Innsbruck,,,,,,,GEOGRAPHY*CLASS*P,GEOGRAPHY*TYPE*T,,,GEOGRAPHY*RELATED_GEOCLASS*P,,BETA geoid 1024,,,,,,,,,,,,,,,,,,,,,,,,,,,2024-09-19,FAULHABER,,,,,,,Innsbruck
BETA geoid 3106,GEOGRAPHY*NAME_CLASS*U,San Marino,,,,,,,GEOGRAPHY*CLASS*P,GEOGRAPHY*TYPE*T,,,GEOGRAPHY*RELATED_GEOCLASS*P,,BETA geoid 1836,,,,,,,,,,,,,,,,,,,,,,,,,,,2024-09-19,FAULHABER,,,,,,,San Marino
BETA geoid 3107,GEOGRAPHY*NAME_CLASS*U,Irvine,,,,,,,GEOGRAPHY*CLASS*P,GEOGRAPHY*TYPE*T,,,GEOGRAPHY*RELATED_GEOCLASS*P,,BETA geoid 1836,,,,,,,,,,,,,,,,,,,,,,,,,,,2024-09-20,FAULHABER,,,,,,,Irvine
