BIOID,NAME_CLASS,NAME_FIRST,NAME_LAST,NAME_NUMBER,NAME_HONORIFIC,NAME_EPITHET,NAME_Q,NAME_BD,NAME_BDQ,NAME_ED,NAME_EDQ,NAME_BASIS,TITLE,TITLE_NUMBER,TITLE_CONNECTOR,TITLE_GEOID,TITLE_Q,TITLE_BD,TITLE_BDQ,TITLE_ED,TITLE_EDQ,TITLE_BASIS,MILESTONE_CLASS,MILESTONE_DETAIL,MILESTONE_Q,MILESTONE_GEOID,MILESTONE_GEOIDQ,MILESTONE_BD,MILESTONE_BDQ,MILESTONE_ED,MILESTONE_EDQ,MILESTONE_BASIS,AFFILIATION_CLASS,AFFILIATION_TYPE,AFFILIATION_Q,AFFILIATION_GEOID,AFFILIATION_GEOIDQ,AFFILIATION_BD,AFFILIATION_BDQ,AFFILIATION_ED,AFFILIATION_EDQ,AFFILIATION_BASIS,SEX,RELATED_BIOCLASS,RELATED_BIODETAIL,RELATED_BIOID,RELATED_BIOIDQ,RELATED_BIOBD,RELATED_BIOBDQ,RELATED_BIOED,RELATED_BIOEDQ,RELATED_BIOBASIS,RELATED_INSCLASS,RELATED_INSDETAIL,RELATED_INSID,RELATED_INSIDQ,RELATED_INSBD,RELATED_INSBDQ,RELATED_INSED,RELATED_INSEDQ,RELATED_INSBASIS,RELATED_BIBCLASS,RELATED_BIBID,RELATED_BIBVOL,RELATED_BIBLOC,RELATED_BIBITEM,RELATED_MANCLASS,RELATED_MANID,RELATED_MANVOL,RELATED_MANLOC,RELATED_MANITEM,SUBJECT_GEOID,SUBJECT_INSID,SUBJECT_SUBID,PERIOD_BD,PERIOD_BDQ,PERIOD_ED,PERIOD_EDQ,PERIOD_BASIS,NOTES,VERIFY,ENTERED,ENTERED_BY,UPDATED,UPDATED_BY,INTERNET_CLASS,INTERNET_ADDRESS,INTERNET_SERVICE,INTERNET_LASTSEEN,MONIKER
BETA bioid 1526,BIOGRAPHY*NAME_CLASS*NATV,Íñigo,Fernández de Velasco y Mendoza,BIOGRAPHY*NAME_NUMBER*I,,,,,,,,Wikipedia,BIOGRAPHY*TITLE*DUQUE,BIOGRAPHY*TITLE_NUMBER*2,BIOGRAPHY*TITLE_CONNECTOR*DE,BETA geoid 1119,,1512-02-09,,1528-09-17,?,Wikipedia,BIOGRAPHY*MILESTONE_CLASS*BOR,,,,,1462,,,,Wikipedia,BIOGRAPHY*AFFILIATION_CLASS*PRO,BIOGRAPHY*AFFILIATION_CLASS!PRO*POET,,,,,,,,,BIOGRAPHY*SEX*M,BIOGRAPHY*RELATED_BIOCLASS*FATHER,,BETA bioid 4635,,,,,,BL Egerton 292:3r,,,,,,,,,,BIOGRAPHY*RELATED_BIBCLASS*VID,BETA bibid 8605,,,Q425473,,,,,,,,,,,,,,,,1987-12-27,FAULHABER,2024-07-27,FAULHABER,UNIVERSAL*INTERNET_CLASS*URL,https://database.factgrid.de/wiki/Item:Q425473,FactGrid,2023-04-18,"Íñigo Fernández de Velasco y Mendoza I, 2. duque de Frías [1512-02-09 - 1528-09-17?]"
BETA bioid 1526,BIOGRAPHY*NAME_CLASS*OTHR,Íñigo,,,BIOGRAPHY*NAME_HONORIFIC*DON,,,,,,,{I}Cronología{/I},BIOGRAPHY*TITLE*CONDESTABLE,BIOGRAPHY*TITLE_NUMBER*8,BIOGRAPHY*TITLE_CONNECTOR*DE,BETA geoid 1162,,1512-02-09,,1528-09-17,?,Wikipedia,BIOGRAPHY*MILESTONE_CLASS*DIE,,,,,1528-09-17,,,,Wikipedia,BIOGRAPHY*AFFILIATION_CLASS*PRO,BIOGRAPHY*AFFILIATION_CLASS!PRO*NOBLE,,,,,,,,,,BIOGRAPHY*RELATED_BIOCLASS*SON,,BETA bioid 1252,,,,,,Egerton 292:3r,,,,,,,,,,BIOGRAPHY*RELATED_BIBCLASS*VID,BETA bibid 8309,,,16717/inigo-fernandez-de-velasco,,,,,,,,,,,,,,,,,,,,UNIVERSAL*INTERNET_CLASS*URL,http://dbe.rah.es/biografias/16717/inigo-fernandez-de-velasco,RAH DB~e,2021-05-31,
BETA bioid 1526,,,,,,,,,,,,,BIOGRAPHY*TITLE*CONDE,BIOGRAPHY*TITLE_NUMBER*4,BIOGRAPHY*TITLE_CONNECTOR*DE,BETA geoid 1076,,1512-02-09,,1528-09-17,?,Wikipedia,BIOGRAPHY*MILESTONE_CLASS*DIE,,,,,1528-10,,,,DB~e,,,,,,,,,,,,BIOGRAPHY*RELATED_BIOCLASS*SON,,BETA bioid 2868,,,,,,Wikipedia,,,,,,,,,,BIOGRAPHY*RELATED_BIBCLASS*VID,BETA bibid 8603,,,Q8078605,,,,,,,,,,,,,,,,,,,,UNIVERSAL*INTERNET_CLASS*URL,https://www.wikidata.org/wiki/Q8078605,Wikidata,2021-05-31,
BETA bioid 1526,,,,,,,,,,,,,,,,,,,,,,,,,,,,,,,,,,,,,,,,,,,,BIOGRAPHY*RELATED_BIOCLASS*BROTHER,,BETA bioid 3934,,,,,,Wikipedia,,,,,,,,,,BIOGRAPHY*RELATED_BIBCLASS*OBR,BETA bibid 3354,,367,,,,,,,,,,,,,,,,,,,,,UNIVERSAL*INTERNET_CLASS*URL,http://es.wikipedia.org/wiki/%C3%8D%C3%B1igo_Fern%C3%A1ndez_de_Velasco_y_Mendoza,Wikipedia,2009-11-25,
BETA bioid 1526,,,,,,,,,,,,,,,,,,,,,,,,,,,,,,,,,,,,,,,,,,,,BIOGRAPHY*RELATED_BIOCLASS*FATHER,,BETA bioid 7294,,,,,,Wikipedia,,,,,,,,,,BIOGRAPHY*RELATED_BIBCLASS*VIDOB,BETA bibid 4450,,90-92,,,,,,,,,,,,,,,,,,,,,UNIVERSAL*INTERNET_CLASS*URL,https://en.wikipedia.org/wiki/Duke_of_FꝛC3%ADas,Wikipedia,2015-12-21,
BETA bioid 1526,,,,,,,,,,,,,,,,,,,,,,,,,,,,,,,,,,,,,,,,,,,,BIOGRAPHY*RELATED_BIOCLASS*RELATIVE,,BETA bioid 4317,,,,,,,,,,,,,,,,,BETA bibid 2749,,216,994,,,,,,,,,,,,,,,,,,,,,,,,
BETA bioid 1526,,,,,,,,,,,,,,,,,,,,,,,,,,,,,,,,,,,,,,,,,,,,BIOGRAPHY*RELATED_BIOCLASS*HUSBAND,,BETA bioid 4636,,1482,,,,Egerton 292:3r,,,,,,,,,,,BETA bibid 1002,II,160,,,,,,,,,,,,,,,,,,,,,,,,,
BETA bioid 1526,,,,,,,,,,,,,,,,,,,,,,,,,,,,,,,,,,,,,,,,,,,,BIOGRAPHY*RELATED_BIOCLASS*PATRO-CLI,,BETA bioid 8852,,,,,,,,,,,,,,,,BIOGRAPHY*RELATED_BIBCLASS*VID,BETA bibid 4572,,,,,,,,,,,,,,,,,,,,,,,,,,,
BETA bioid 1604,BIOGRAPHY*NAME_CLASS*NATV,Pedro de,Estúñiga,,,,,,,,,,BIOGRAPHY*TITLE*CONDE,BIOGRAPHY*TITLE_NUMBER*1,BIOGRAPHY*TITLE_CONNECTOR*DE,BETA geoid 1249,,1429,,1453-07,,,BIOGRAPHY*MILESTONE_CLASS*BOR,,,,,1384,,,,,BIOGRAPHY*AFFILIATION_CLASS*PRO,BIOGRAPHY*AFFILIATION_CLASS!PRO*NOBLE,,,,,,,,,BIOGRAPHY*SEX*M,BIOGRAPHY*RELATED_BIOCLASS*FATHER,,BETA bioid 3771,,,,,,,,,,,,,,,,BIOGRAPHY*RELATED_BIBCLASS*VID,BETA bibid 9036,,70,,,,,,,,,,,,,,,,,1987-12-28,FAULHABER,2024-08-13,FAULHABER,UNIVERSAL*INTERNET_CLASS*URL,https://dbe.rah.es/biografias/43529/alvaro-de-zuniga-y-guzman,RAH DB~e,2022-08-09,"Pedro de Estúñiga, 1. conde de Ledesma [1429 - 1453-07]"
BETA bioid 1604,BIOGRAPHY*NAME_CLASS*OTHR,Pedro de,Zúñiga y Leiva,,,,,,,,,Wikipedia,BIOGRAPHY*TITLE*CONDE,BIOGRAPHY*TITLE_NUMBER*1,BIOGRAPHY*TITLE_CONNECTOR*DE,BETA geoid 1141,,1442,,1453-07,,WIkipedia,,intercambio de cartas de batalla con Juan Hurtado de Mendoza,,BETA geoid 1001,?,1408,,,,,,,,,,,,,,,,BIOGRAPHY*RELATED_BIOCLASS*FATHER,,BETA bioid 6428,,,,,,Wikipedia,,,,,,,,,,,BETA bibid 4777,,,,,,,,,,,,,,,,,,,,,,,UNIVERSAL*INTERNET_CLASS*URL,http://es.wikipedia.org/wiki/Condado_de_Plasencia,Wikipedia,2011-03-26,
BETA bioid 1604,,,,,,,,,,,,,BIOGRAPHY*TITLE*SENOR,BIOGRAPHY*TITLE_NUMBER*2,BIOGRAPHY*TITLE_CONNECTOR*DE,BETA geoid 1546,,1417,,1453-07,,,BIOGRAPHY*MILESTONE_CLASS*FLO,,,,,1439-10-10,,1439-10-15,,Faulhaber,,,,,,,,,,,,BIOGRAPHY*RELATED_BIOCLASS*ASOCIADO,,BETA bioid 1072,,1448,,,,Moya 2014:105,,,,,,,,,,,BETA bibid 2774,,,"728, 968",,,,,,,,,,,,,,,,,,,,UNIVERSAL*INTERNET_CLASS*URL,http://es.wikipedia.org/wiki/%C3%81lvaro_de_Z%C3%BA%C3%B1iga_y_Guzm%C3%A1n,Wikipedia,2012-06-06,
BETA bioid 1604,,,,,,,,,,,,,BIOGRAPHY*TITLE*SENOR,,BIOGRAPHY*TITLE_CONNECTOR*DE,BETA geoid 2142,,,,1453-07,,esc. Z.III.9,BIOGRAPHY*MILESTONE_CLASS*DIE,,,,,1453-07,,,,Wikipedia,,,,,,,,,,,,BIOGRAPHY*RELATED_BIOCLASS*FATHER,,BETA bioid 3194,,,,,,DB~e,,,,,,,,,,,BETA bibid 4572,,,,,,,,,,,,,,,,,,,,,,,UNIVERSAL*INTERNET_CLASS*URL,https://www.wikidata.org/wiki/Q6070475,Wikidata,2022-08-09,
BETA bioid 1604,,,,,,,,,,,,,,,,,,,,,,,,,,,,,,,,,,,,,,,,,,,,BIOGRAPHY*RELATED_BIOCLASS*CORRESPONDENT,,BETA bioid 1603,,1408,,,,,,,,,,,,,,BIOGRAPHY*RELATED_BIBCLASS*VEA,BETA bibid 8309,,,43529/alvaro-de-zuniga-y-guzman,,,,,,,,,,,,,,,,,,,,,,,,
BETA bioid 1604,,,,,,,,,,,,,,,,,,,,,,,,,,,,,,,,,,,,,,,,,,,,BIOGRAPHY*RELATED_BIOCLASS*BROTHER,,BETA bioid 5205,,,,,,Wikipedia,,,,,,,,,,BIOGRAPHY*RELATED_BIBCLASS*VID,BETA bibid 8603,,,Q6070475,,,,,,,,,,,,,,,,,,,,,,,,
BETA bioid 1604,,,,,,,,,,,,,,,,,,,,,,,,,,,,,,,,,,,,,,,,,,,,BIOGRAPHY*RELATED_BIOCLASS*SON,,BETA bioid 3558,,,,,,Vicens Hualde,,,,,,,,,,,,,,,,,,,,,,,,,,,,,,,,,,,,,,
BETA bioid 1645,BIOGRAPHY*NAME_CLASS*NATV,Gonzalo,Díaz Palomeque,,,,,,,,,,BIOGRAPHY*TITLE*ARZOBISPO,,BIOGRAPHY*TITLE_CONNECTOR*DE,BETA geoid 1717,,1299-01-16,?,1310-11-02,,{I}DHEE{/I} 2570,BIOGRAPHY*MILESTONE_CLASS*DIE,,,,,1310-11-02,,,,{I}DHEE{/I} 753,,,,,,,,,,,BIOGRAPHY*SEX*M,BIOGRAPHY*RELATED_BIOCLASS*SON,,BETA bioid 5770,,,,,,{I}DHEE{/I} 753,,,,,,,,,,BIOGRAPHY*RELATED_BIBCLASS*VID,BETA bibid 8603,,,Q5882918,,,,,,,,,,,,,,"“tuvo lugar la convocatoria y celebración del concilio provincial de Peñafiel (Palencia), en el que se dieron varios decretos de reforma y se insistió en la inmunidad de las personas y bienes eclesiásticos…Por bula de Clemente V (18-X-1309) se somete la causa de los templarios de Castilla y León a una comisión que, presidida por el arzobispo, estaba integrada por los obispos de Palencia y Lisboa” ({I}DHEE{/I} 753)",,2001-05-02,PELAYO,2024-08-13,FAULHABER,UNIVERSAL*INTERNET_CLASS*URL,https://www.wikidata.org/wiki/Q5882918,Wikidata,2022-08-28,"Gonzalo Díaz Palomeque, arzobispo de Toledo [1299-01-16? - 1310-11-02]"
BETA bioid 1645,BIOGRAPHY*NAME_CLASS*OTHR,Gonzalo,Diego Palomeque,,,,,,,,,{I}DHEE{/I} 655,BIOGRAPHY*TITLE*ARZOBISPO,,BIOGRAPHY*TITLE_CONNECTOR*DE,BETA geoid 1717,,1289,?,1310,,{I}DHEE Sup.{/I} 532,,,,,,,,,,,,,,,,,,,,,,BIOGRAPHY*RELATED_BIOCLASS*SON,,BETA bioid 5771,,,,,,{I}DHEE{/I} 753,,,,,,,,,,BIOGRAPHY*RELATED_BIBCLASS*VID,BETA bibid 8309,,,39863/gonzalo-diaz-palomeque,,,,,,,,,,,,,,,,,,,,UNIVERSAL*INTERNET_CLASS*URL,https://dbe.rah.es/biografias/39863/gonzalo-diaz-palomeque,RAH DB~e,2022-08-28,
BETA bioid 1645,,,,,,,,,,,,,BIOGRAPHY*TITLE*OBISPO,,BIOGRAPHY*TITLE_CONNECTOR*DE,BETA geoid 1874,,1285-03-15,,1289-01-16,,{I}DHEE{/I} 655,,,,,,,,,,,,,,,,,,,,,,BIOGRAPHY*RELATED_BIOCLASS*GRANDSON,,BETA bioid 4930,?,,,,,Martínez Caviró 2010,,,,,,,,,,BIOGRAPHY*RELATED_BIBCLASS*VID,BETA bibid 1936,I,655,,,,,,,,,,,,,,,,,,,,,,,,,
BETA bioid 1645,,,,,,,,,,,,,,,,,,,,,,,,,,,,,,,,,,,,,,,,,,,,BIOGRAPHY*RELATED_BIOCLASS*NEPHEW,,BETA bioid 4931,?,,,,,{I}DHEE{/I} 655,,,,,,,,,,BIOGRAPHY*RELATED_BIBCLASS*VID,BETA bibid 1936,II,753,,,,,,,,,,,,,,,,,,,,,,,,,
BETA bioid 1645,,,,,,,,,,,,,,,,,,,,,,,,,,,,,,,,,,,,,,,,,,,,BIOGRAPHY*RELATED_BIOCLASS*SON,,BETA bioid 8856,?,,,,,Martínez Caviró 2010,,,,,,,,,,BIOGRAPHY*RELATED_BIBCLASS*VID,BETA bibid 1936,III,2570,,,,,,,,,,,,,,,,,,,,,,,,,
BETA bioid 1645,,,,,,,,,,,,,,,,,,,,,,,,,,,,,,,,,,,,,,,,,,,,,,,,,,,,,,,,,,,,,,BIOGRAPHY*RELATED_BIBCLASS*VID,BETA bibid 3034,,532,,,,,,,,,,,,,,,,,,,,,,,,,
BETA bioid 1866,BIOGRAPHY*NAME_CLASS*NATV,Carlos,,BIOGRAPHY*NAME_NUMBER*V,,,,,,,,,BIOGRAPHY*TITLE*EMPERADOR,,,,,1520-02-24,,1556-01-16,,Cappelli,BIOGRAPHY*MILESTONE_CLASS*BOR,,,,,1500-02-25,,,,Agustí et al.,,,,,,,,,,,BIOGRAPHY*SEX*M,BIOGRAPHY*RELATED_BIOCLASS*PATRO-CLI,,BETA bioid 2906,,,,,,,,,,,,,,,,BIOGRAPHY*RELATED_BIBCLASS*VID,BETA bibid 8603,,,Q32500,,BETA manid 3825,,180r,,,,,,,,,,,,1989-01-31,FAULHABER,2024-08-13,FAULHABER,UNIVERSAL*INTERNET_CLASS*URL,https://www.wikidata.org/wiki/Q32500,Wikidata,2022-11-27,"Carlos V, emperador [1520-02-24 - 1556-01-16]"
BETA bioid 1866,BIOGRAPHY*NAME_CLASS*OTHR,Carlos,,BIOGRAPHY*NAME_NUMBER*I,,,,,,,,,BIOGRAPHY*TITLE*REY,,BIOGRAPHY*TITLE_CONNECTOR*DE,BETA geoid 1004,,1516-01-23,,1556-01-16,,Cappelli,BIOGRAPHY*MILESTONE_CLASS*RES,,,BETA geoid 1056,,1529-03-12,,,,Arteaga I:314,,,,,,,,,,,,BIOGRAPHY*RELATED_BIOCLASS*SON,,BETA bioid 3139,,1500,,1555-04-13,,,,,,,,,,,,BIOGRAPHY*RELATED_BIBCLASS*VID,BETA bibid 8309,,,10728/carlos-i-de-espana-y-v-de-alemania,,,,,,,,,,,,,,,,,,,,UNIVERSAL*INTERNET_CLASS*URL,https://dbe.rah.es/biografias/10728/carlos-i-de-espana-y-v-de-alemania,RAH DB~e,2022-11-27,
BETA bioid 1866,BIOGRAPHY*NAME_CLASS*OTHR,Charles,,BIOGRAPHY*NAME_NUMBER*V,,,,,,,,,,,,,,,,,,,BIOGRAPHY*MILESTONE_CLASS*DIE,,,,,1558-09-21,,,,Cappelli,,,,,,,,,,,,BIOGRAPHY*RELATED_BIOCLASS*HUSBAND,,BETA bioid 3308,,1526-03-10,,1539-05-01,,Agustí et al,,,,,,,,,,,BETA bibid 2313,I,314,,,,,,,,,,,,,,,,,,,,,UNIVERSAL*INTERNET_CLASS*URL,https://es.wikipedia.org/wiki/Carlos_I_de_Espa%C3%B1a,Wikipedia,2016-03-14,
BETA bioid 1866,,,,,,,,,,,,,,,,,,,,,,,,,,,,,,,,,,,,,,,,,,,,BIOGRAPHY*RELATED_BIOCLASS*FATHER,,BETA bioid 2089,,1527-05-21,,1558-09-21,,Agustí et al,,,,,,,,,,,BETA bibid 2749,,119,413,,,,,,,,,,,,,,,,,,,,,,,,
BETA bioid 1866,,,,,,,,,,,,,,,,,,,,,,,,,,,,,,,,,,,,,,,,,,,,BIOGRAPHY*RELATED_BIOCLASS*ESTUD,,BETA bioid 3744,,,,,,{I}Cronología{/I} 570,,,,,,,,,,,BETA bibid 2749,,149,570,,,,,,,,,,,,,,,,,,,,,,,,
BETA bioid 1866,,,,,,,,,,,,,,,,,,,,,,,,,,,,,,,,,,,,,,,,,,,,BIOGRAPHY*RELATED_BIOCLASS*PATRO-CLI,,BETA bioid 1494,,1530,,,,Azáceta 1:xcvi,,,,,,,,,,,BETA bibid 2749,,161,633,,,,,,,,,,,,,,,,,,,,,,,,
BETA bioid 1866,,,,,,,,,,,,,,,,,,,,,,,,,,,,,,,,,,,,,,,,,,,,BIOGRAPHY*RELATED_BIOCLASS*SON,,BETA bioid 3297,,1500-02-25,,1506-09-25,,,,,,,,,,,,BIOGRAPHY*RELATED_BIBCLASS*VID,BETA bibid 2512,,551,,,,,,,,,,,,,,,,,,,,,,,,,
BETA bioid 1866,,,,,,,,,,,,,,,,,,,,,,,,,,,,,,,,,,,,,,,,,,,,BIOGRAPHY*RELATED_BIOCLASS*BROTHER,,BETA bioid 3296,,1502,,1558-09-21,,,,,,,,,,,,,BETA bibid 1936,II,1238,,,,,,,,,,,,,,,,,,,,,,,,,
BETA bioid 1866,,,,,,,,,,,,,,,,,,,,,,,,,,,,,,,,,,,,,,,,,,,,BIOGRAPHY*RELATED_BIOCLASS*FATHER,,BETA bioid 4414,,1547,,1558-09-21,,,,,,,,,,,,BIOGRAPHY*RELATED_BIBCLASS*VID,BETA bibid 4406,,354,,,,,,,,,,,,,,,,,,,,,,,,,
BETA bioid 1866,,,,,,,,,,,,,,,,,,,,,,,,,,,,,,,,,,,,,,,,,,,,BIOGRAPHY*RELATED_BIOCLASS*FATHER,,BETA bioid 4416,,,,,,,,,,,,,,,,BIOGRAPHY*RELATED_BIBCLASS*VID,BETA bibid 4572,,,,,,,,,,,,,,,,,,,,,,,,,,,
BETA bioid 1866,,,,,,,,,,,,,,,,,,,,,,,,,,,,,,,,,,,,,,,,,,,,BIOGRAPHY*RELATED_BIOCLASS*PATRO-CLI,,BETA bioid 6027,,1520-11-30,ad quem,1545-04-03,,{I}DHEE{/I},,,,,,,,,,,,,,,,,,,,,,,,,,,,,,,,,,,,,,
BETA bioid 1866,,,,,,,,,,,,,,,,,,,,,,,,,,,,,,,,,,,,,,,,,,,,BIOGRAPHY*RELATED_BIOCLASS*AMO,,BETA bioid 3888,,1519,ca.,1536,,Oviedo 1989:155,,,,,,,,,,,,,,,,,,,,,,,,,,,,,,,,,,,,,,
BETA bioid 1866,,,,,,,,,,,,,,,,,,,,,,,,,,,,,,,,,,,,,,,,,,,,BIOGRAPHY*RELATED_BIOCLASS*FATHER,,BETA bioid 7410,,,,,,,,,,,,,,,,,,,,,,,,,,,,,,,,,,,,,,,,,,,,
BETA bioid 1866,,,,,,,,,,,,,,,,,,,,,,,,,,,,,,,,,,,,,,,,,,,,BIOGRAPHY*RELATED_BIOCLASS*PACIENT,,BETA bioid 4460,,,,1551-10-30,ad quem,BNE R/3398,,,,,,,,,,,,,,,,,,,,,,,,,,,,,,,,,,,,,,
BETA bioid 1866,,,,,,,,,,,,,,,,,,,,,,,,,,,,,,,,,,,,,,,,,,,,BIOGRAPHY*RELATED_BIOCLASS*PACIENT,,BETA bioid 4461,,,,1551-10-30,ad quem,BNE R/3398,,,,,,,,,,,,,,,,,,,,,,,,,,,,,,,,,,,,,,
BETA bioid 1866,,,,,,,,,,,,,,,,,,,,,,,,,,,,,,,,,,,,,,,,,,,,BIOGRAPHY*RELATED_BIOCLASS*REGTADO,,BETA bioid 1098,,1516-01-23,a quo,,,{I}DHEE{/I} 1238,,,,,,,,,,,,,,,,,,,,,,,,,,,,,,,,,,,,,,
BETA bioid 1866,,,,,,,,,,,,,,,,,,,,,,,,,,,,,,,,,,,,,,,,,,,,BIOGRAPHY*RELATED_BIOCLASS*<SEC,,BETA bioid 2758,,,,,,BNE MSS/61,,,,,,,,,,,,,,,,,,,,,,,,,,,,,,,,,,,,,,
BETA bioid 1866,,,,,,,,,,,,,,,,,,,,,,,,,,,,,,,,,,,,,,,,,,,,BIOGRAPHY*RELATED_BIOCLASS*<CRON,,BETA bioid 2402,,1555,,,,Fernádez et al.,,,,,,,,,,,,,,,,,,,,,,,,,,,,,,,,,,,,,,
BETA bioid 1866,,,,,,,,,,,,,,,,,,,,,,,,,,,,,,,,,,,,,,,,,,,,BIOGRAPHY*RELATED_BIOCLASS*<CRON,,BETA bioid 4281,,,,,,"LC Manuscripts Peter Force X, 2",,,,,,,,,,,,,,,,,,,,,,,,,,,,,,,,,,,,,,
BETA bioid 1866,,,,,,,,,,,,,,,,,,,,,,,,,,,,,,,,,,,,,,,,,,,,BIOGRAPHY*RELATED_BIOCLASS*ACONSJO,,BETA bioid 3661,,1527,,,,{I}Cronología{/I},,,,,,,,,,,,,,,,,,,,,,,,,,,,,,,,,,,,,,
BETA bioid 1866,,,,,,,,,,,,,,,,,,,,,,,,,,,,,,,,,,,,,,,,,,,,BIOGRAPHY*RELATED_BIOCLASS*<REYARMAS,,BETA bioid 2125,,,,,,BNE MSS/3346,,,,,,,,,,,,,,,,,,,,,,,,,,,,,,,,,,,,,,
BETA bioid 1866,,,,,,,,,,,,,,,,,,,,,,,,,,,,,,,,,,,,,,,,,,,,BIOGRAPHY*RELATED_BIOCLASS*PATRO-CLI,,BETA bioid 1481,,,,1555,ca.,Dutton 1990-91,,,,,,,,,,,,,,,,,,,,,,,,,,,,,,,,,,,,,,
BETA bioid 1866,,,,,,,,,,,,,,,,,,,,,,,,,,,,,,,,,,,,,,,,,,,,BIOGRAPHY*RELATED_BIOCLASS*<CAP,,BETA bioid 7518,,,,,,Penney 1954,,,,,,,,,,,,,,,,,,,,,,,,,,,,,,,,,,,,,,
BETA bioid 1866,,,,,,,,,,,,,,,,,,,,,,,,,,,,,,,,,,,,,,,,,,,,BIOGRAPHY*RELATED_BIOCLASS*PREDO,,BETA bioid 6935,,,,,,BNE MSS/3346,,,,,,,,,,,,,,,,,,,,,,,,,,,,,,,,,,,,,,
BETA bioid 1866,,,,,,,,,,,,,,,,,,,,,,,,,,,,,,,,,,,,,,,,,,,,BIOGRAPHY*RELATED_BIOCLASS*<EMB,"a Inglaterra, Venecia y Romas",BETA bioid 1685,,1537,,1547,,Wikipedia,,,,,,,,,,,,,,,,,,,,,,,,,,,,,,,,,,,,,,
BETA bioid 1866,,,,,,,,,,,,,,,,,,,,,,,,,,,,,,,,,,,,,,,,,,,,BIOGRAPHY*RELATED_BIOCLASS*<CRON,,BETA bioid 1447,,,,,,BNE MSS/6175,,,,,,,,,,,,,,,,,,,,,,,,,,,,,,,,,,,,,,
BETA bioid 1866,,,,,,,,,,,,,,,,,,,,,,,,,,,,,,,,,,,,,,,,,,,,BIOGRAPHY*RELATED_BIOCLASS*<OFI,,BETA bioid 3930,,,,,,Dutton 1990-91,,,,,,,,,,,,,,,,,,,,,,,,,,,,,,,,,,,,,,
BETA bioid 1866,,,,,,,,,,,,,,,,,,,,,,,,,,,,,,,,,,,,,,,,,,,,BIOGRAPHY*RELATED_BIOCLASS*<SEC,,BETA bioid 8026,,1516,,1547-05-10,,DB~e,,,,,,,,,,,,,,,,,,,,,,,,,,,,,,,,,,,,,,
BETA bioid 1866,,,,,,,,,,,,,,,,,,,,,,,,,,,,,,,,,,,,,,,,,,,,BIOGRAPHY*RELATED_BIOCLASS*<OFI,,BETA bioid 6589,,1520-02-24,,1520-05-30,,DB~e,,,,,,,,,,,,,,,,,,,,,,,,,,,,,,,,,,,,,,
BETA bioid 1866,,,,,,,,,,,,,,,,,,,,,,,,,,,,,,,,,,,,,,,,,,,,BIOGRAPHY*RELATED_BIOCLASS*<OFI,(caballerizo mayor),BETA bioid 1923,,,,,,Arteaga I:188,,,,,,,,,,,,,,,,,,,,,,,,,,,,,,,,,,,,,,
BETA bioid 1866,,,,,,,,,,,,,,,,,,,,,,,,,,,,,,,,,,,,,,,,,,,,BIOGRAPHY*RELATED_BIOCLASS*CONTO,,BETA bioid 5197,,,,,,,,,,,,,,,,,,,,,,,,,,,,,,,,,,,,,,,,,,,,
BETA bioid 1866,,,,,,,,,,,,,,,,,,,,,,,,,,,,,,,,,,,,,,,,,,,,BIOGRAPHY*RELATED_BIOCLASS*PATRO-CLI,,BETA bioid 8857,,,,,,Vicens Hualde,,,,,,,,,,,,,,,,,,,,,,,,,,,,,,,,,,,,,,
BETA bioid 2120,BIOGRAPHY*NAME_CLASS*NATV,Álvaro de,Zúñiga,,,,,,,,,,,,,,,,,,,,,,,,,,,,,,BIOGRAPHY*AFFILIATION_CLASS*ORD,BIOGRAPHY*AFFILIATION_CLASS!ORD*SANJUAN,,,,,,,,,BIOGRAPHY*SEX*M,BIOGRAPHY*RELATED_BIOCLASS*PATRO-CLI,,BETA bioid 1730,,,,,,BR II/1019,BIOGRAPHY*RELATED_INSCLASS*PRI,,BETA insid 1170,,,,,,Vicens 2017,BIOGRAPHY*RELATED_BIBCLASS*VID,BETA bibid 4572,,,,,,,,,,,,,,,,,,,1989-08-02,FAULHABER,2024-08-13,FAULHABER,UNIVERSAL*INTERNET_CLASS*URL,https://es.wikipedia.org/wiki/%C3%81lvaro_de_Z%C3%BA%C3%B1iga_y_Guzm%C3%A1n,Wikipedia,2024-02-12,"Álvaro de Zúñiga, Orden de San Juan de Jerusalén"
BETA bioid 2120,BIOGRAPHY*NAME_CLASS*OTHR,Álvaro de,Estúñiga y Manrique de Lara,,,,,,,,,Wikipedia,,,,,,,,,,,,,,,,,,,,,,,,,,,,,,,,BIOGRAPHY*RELATED_BIOCLASS*SON,,BETA bioid 3771,,,,,,Wikipedia,,,,,,,,,,,BETA bibid 9036,,71,,,,,,,,,,,,,,,,,,,,,,,,,
BETA bioid 2120,,,,,,,,,,,,,,,,,,,,,,,,,,,,,,,,,,,,,,,,,,,,BIOGRAPHY*RELATED_BIOCLASS*STEPSON,,BETA bioid 4303,,,,,,Wikipedia,,,,,,,,,,,,,,,,,,,,,,,,,,,,,,,,,,,,,,
BETA bioid 2120,,,,,,,,,,,,,,,,,,,,,,,,,,,,,,,,,,,,,,,,,,,,BIOGRAPHY*RELATED_BIOCLASS*SON,,BETA bioid 6425,,,,,,Vicens Hualde,,,,,,,,,,,,,,,,,,,,,,,,,,,,,,,,,,,,,,
BETA bioid 2259,BIOGRAPHY*NAME_CLASS*NATV,Andrés de,Burgos,,,,,,,,,,,,,,,,,,,,,,,,,,,,,,BIOGRAPHY*AFFILIATION_CLASS*PRO,BIOGRAPHY*AFFILIATION_CLASS!PRO*PRINTER,,BETA geoid 1030,,1503,,1505,,BNE Datos,BIOGRAPHY*SEX*M,,,,,,,,,,,,,,,,,,,,BETA bibid 2629,,,,,,,,,,,,,,,,,"Aunque BNE Cat. delimita sus actividades al período 1541-1548, en el OPAC del mismo BNE se registran 21 impresos con el mismo nombre de impresor desde Burgos (1503-1505) hasta Évora (1567-1574), pasando por Granada (1518-1519) y Sevilla (1541-1548). Dados los saltos de actividad es muy probable que se trata de por lo menos dos personas diferentes",,1989-12-11,MOLL,2024-07-13,FAULHABER,UNIVERSAL*INTERNET_CLASS*URL,https://datos.bne.es/persona/XX5775925.html,BNE Datos,2024-07-13,"Andrés de Burgos, impresor Burgos (1503 - 1505)"
BETA bioid 2259,,,,,,,,,,,,,,,,,,,,,,,,,,,,,,,,,BIOGRAPHY*AFFILIATION_CLASS*PRO,BIOGRAPHY*AFFILIATION_CLASS!PRO*PRINTER,,BETA geoid 1010,,1518,,1519,,BNE Datos,,,,,,,,,,,,,,,,,,,,,BETA bibid 9022,,,XX5775925,,,,,,,,,,,,,,,,,,,,,,,,
BETA bioid 2259,,,,,,,,,,,,,,,,,,,,,,,,,,,,,,,,,BIOGRAPHY*AFFILIATION_CLASS*PRO,BIOGRAPHY*AFFILIATION_CLASS!PRO*PRINTER,,BETA geoid 1003,,1541,,1548,,BNE Datos,,,,,,,,,,,,,,,,,,,,,,,,,,,,,,,,,,,,,,,,,,,,,,,,
BETA bioid 2259,,,,,,,,,,,,,,,,,,,,,,,,,,,,,,,,,BIOGRAPHY*AFFILIATION_CLASS*PRO,BIOGRAPHY*AFFILIATION_CLASS!PRO*PRINTER,,BETA geoid 1612,,1567,,1574,,BNE Datos,,,,,,,,,,,,,,,,,,,,,,,,,,,,,,,,,,,,,,,,,,,,,,,,
BETA bioid 2285,BIOGRAPHY*NAME_CLASS*NATV,Alonso de,Melgar,,,,,,,,,,,,,,,,,,,,BIOGRAPHY*MILESTONE_CLASS*BOR,,,,,1480,?,,,DB~e,BIOGRAPHY*AFFILIATION_CLASS*PRO,BIOGRAPHY*AFFILIATION_CLASS!PRO*PRINTER,,BETA geoid 1030,,1517,,1525,,BNE Cat.,BIOGRAPHY*SEX*M,BIOGRAPHY*RELATED_BIOCLASS*SONINLAW,,BETA bioid 2253,,,,,,Griffin 103,,,,,,,,,,BIOGRAPHY*RELATED_BIBCLASS*VEA,BETA bibid 5321,,103,,,,,,,,,,,,,,,,,1989-12-11,MOLL,2024-07-13,FAULHABER,UNIVERSAL*INTERNET_CLASS*URL,https://www.wikidata.org/wiki/Q111271210,Wikidata,2024-02-29,"Alonso de Melgar, impresor Burgos (1517 - 1525)"
BETA bioid 2285,,,,,,,,,,,,,,,,,,,,,,,BIOGRAPHY*MILESTONE_CLASS*DIE,,1030.0,,,1525-09,,,,DB~e,,,,,,,,,,,,,,,,,,,,,,,,,,,,,,BIOGRAPHY*RELATED_BIBCLASS*VID,BETA bibid 8603,,,Q111271210,,,,,,,,,,,,,,,,,,,,UNIVERSAL*INTERNET_CLASS*URL,https://dbe.rah.es/biografias/60549/alonso-de-melgar,RAH DB~e,2024-02-29,
BETA bioid 2285,,,,,,,,,,,,,,,,,,,,,,,,,,,,,,,,,,,,,,,,,,,,,,,,,,,,,,,,,,,,,,BIOGRAPHY*RELATED_BIBCLASS*VIDOB,BETA bibid 8309,,,60549/alonso-de-melgar,,,,,,,,,,,,,,,,,,,,UNIVERSAL*INTERNET_CLASS*URL,https://data.cerl.org/thesaurus/cni00098583,CERL,2024-07-13,
BETA bioid 2285,,,,,,,,,,,,,,,,,,,,,,,,,,,,,,,,,,,,,,,,,,,,,,,,,,,,,,,,,,,,,,BIOGRAPHY*RELATED_BIBCLASS*VIDOB,BETA bibid 7119,,,,,,,,,,,,,,,,,,,,,,,UNIVERSAL*INTERNET_CLASS*URL,https://datos.bne.es/persona/XX1028273.html,BNE Datos,2024-07-13,
BETA bioid 2285,,,,,,,,,,,,,,,,,,,,,,,,,,,,,,,,,,,,,,,,,,,,,,,,,,,,,,,,,,,,,,BIOGRAPHY*RELATED_BIBCLASS*VID,BETA bibid 5450,,,cni00098583,,,,,,,,,,,,,,,,,,,,UNIVERSAL*INTERNET_CLASS*URL,http://viaf.org/viaf/99778530,VIAF,2024-07-13,
BETA bioid 2285,,,,,,,,,,,,,,,,,,,,,,,,,,,,,,,,,,,,,,,,,,,,,,,,,,,,,,,,,,,,,,BIOGRAPHY*RELATED_BIBCLASS*VID,BETA bibid 5086,,,,,,,,,,,,,,,,,,,,,,,,,,,
BETA bioid 2285,,,,,,,,,,,,,,,,,,,,,,,,,,,,,,,,,,,,,,,,,,,,,,,,,,,,,,,,,,,,,,BIOGRAPHY*RELATED_BIBCLASS*VIDOB,BETA bibid 9022,,,XX1028273,,,,,,,,,,,,,,,,,,,,,,,,
BETA bioid 2285,,,,,,,,,,,,,,,,,,,,,,,,,,,,,,,,,,,,,,,,,,,,,,,,,,,,,,,,,,,,,,BIOGRAPHY*RELATED_BIBCLASS*VIDOB,BETA bibid 6783,,,99778530,,,,,,,,,,,,,,,,,,,,,,,,
BETA bioid 2770,BIOGRAPHY*NAME_CLASS*NATV,Pedro de,Portugal,,BIOGRAPHY*NAME_HONORIFIC*INFANTE,,,,,,,,BIOGRAPHY*TITLE*DUQUE,BIOGRAPHY*TITLE_NUMBER*1,BIOGRAPHY*TITLE_CONNECTOR*DE,BETA geoid 1115,,1415-09,,1449-05-20,,BITAGAP,BIOGRAPHY*MILESTONE_CLASS*BOR,,,BETA geoid 1222,,1392-12-09,,,,BITAGAP,,,,,,,,,,,BIOGRAPHY*SEX*M,BIOGRAPHY*RELATED_BIOCLASS*SON,,BETA bioid 3758,,1392-12-09,,1433-08-14,,,,,,,,,,,,,BETA bibid 3335,,,1067 (bioid),,,,,,,,,,,,,,Para mayor información v. BITAGAP bioid 1067,,1990-06-05,MOLL,2024-03-17,FAULHABER,,,,,"Pedro de Portugal (infante), 1. duque de Coimbra [1415-09 - 1449-05-20]"
BETA bioid 2770,,,,,,,,,,,,,,,,,,,,,,,BIOGRAPHY*MILESTONE_CLASS*DIE,,,BETA geoid 1620,,1449-05-20,,,,BITAGAP,,,,,,,,,,,,BIOGRAPHY*RELATED_BIOCLASS*FATHER,,BETA bioid 1337,,,,,,,,,,,,,,,,,,,,,,,,,,,,,,,,,,,,,,,,,,,,
BETA bioid 2770,,,,,,,,,,,,,,,,,,,,,,,,,,,,,,,,,,,,,,,,,,,,BIOGRAPHY*RELATED_BIOCLASS*FATHER,,BETA bioid 8065,,,,,,Wikipedia,,,,,,,,,,,,,,,,,,,,,,,,,,,,,,,,,,,,,,
BETA bioid 2770,,,,,,,,,,,,,,,,,,,,,,,,,,,,,,,,,,,,,,,,,,,,BIOGRAPHY*RELATED_BIOCLASS*FATHER,,BETA bioid 51340,,,,,,,,,,,,,,,,,,,,,,,,,,,,,,,,,,,,,,,,,,,,
BETA bioid 3153,BIOGRAPHY*NAME_CLASS*NATV,Francisco,Fernández de Córdoba,,,,,,,,,,,,,,,,,,,,,,,,,,,,,,BIOGRAPHY*AFFILIATION_CLASS*PRO,BIOGRAPHY*AFFILIATION_CLASS!PRO*PRINTER,,BETA geoid 1028,,1541,,1570,,BNE,BIOGRAPHY*SEX*M,,,,,,,,,,,,,,,,,,,,BETA bibid 4039,,122,,,,,,,,,,,,,,,,,1991-06-22,FAULHABER,2024-07-13,FAULHABER,UNIVERSAL*INTERNET_CLASS*URL,https://datos.bne.es/persona/XX924045.html,BNE Datos,2024-05-01,"Francisco Fernández de Córdoba, impresor Valladolid (1541 - 1570)"
BETA bioid 3153,,,,,,,,,,,,,,,,,,,,,,,,,,,,,,,,,,,,,,,,,,,,,,,,,,,,,,,,,,,,,,,BETA bibid 9022,,,XX924045,,,,,,,,,,,,,,,,,,,,,,,,
BETA bioid 3191,BIOGRAPHY*NAME_CLASS*NATV,Nicolás,Monardes,,,,,,,,,Wikipedia,,,,,,,,,,,BIOGRAPHY*MILESTONE_CLASS*BOR,,,BETA geoid 1003,,1508,ca.,,,Wikipedia,BIOGRAPHY*AFFILIATION_CLASS*PRO,BIOGRAPHY*AFFILIATION_CLASS!PRO*PHYSICIAN,,BETA geoid 1003,,1508,ca.,1588,,BNE Datos,BIOGRAPHY*SEX*M,,,,,,,,,,BIOGRAPHY*RELATED_INSCLASS*BAC,en medicina por,BETA insid 1181,,1533,,,,Wikipedia,,BETA bibid 2628,,3,,,,,,,,,,,,,,,,,1991-06-22,FAULHABER,2024-07-13,FAULHABER,UNIVERSAL*INTERNET_CLASS*URL,https://es.wikipedia.org/wiki/Nicol%C3%A1s_Monardes,Wikipedia,2017-01-04,"Nicolás Monardes, médico Sevilla (1508 ca. - 1588)"
BETA bioid 3191,BIOGRAPHY*NAME_CLASS*OTHR,Nicolás de,Monardes,,,,,,,,,,,,,,,,,,,,BIOGRAPHY*MILESTONE_CLASS*BOR,,,,,1493,,,,BNE Datos,,,,,,,,,,,,,,,,,,,,,BIOGRAPHY*RELATED_INSCLASS*DCT,en medicina por la,BETA insid 1255,,1547,,,,Wikipedia,,BETA bibid 9022,,,XX896352,,,,,,,,,,,,,,,,,,,,UNIVERSAL*INTERNET_CLASS*URL,https://datos.bne.es/persona/XX896352.html,BNE Datos,2023-07-13,
BETA bioid 3191,BIOGRAPHY*NAME_CLASS*OTHR,Nicolás Bautista,Monardes Alfaro,,,,,,,,,BNE Datos,,,,,,,,,,,BIOGRAPHY*MILESTONE_CLASS*RES,,,BETA geoid 1003,,1545,,,,,,,,,,,,,,,,,,,,,,,,,,,,,,,,,,BIOGRAPHY*RELATED_BIBCLASS*VIDOB,BETA bibid 4572,,,,,,,,,,,,,,,,,,,,,,,,,,,
BETA bioid 3191,,,,,,,,,,,,,,,,,,,,,,,BIOGRAPHY*MILESTONE_CLASS*DIE,,,,,1588-10-10,,,,Wikipedia,,,,,,,,,,,,,,,,,,,,,,,,,,,,,,,,,,,,,,,,,,,,,,,,,,,,,,,,,,
BETA bioid 3263,BIOGRAPHY*NAME_CLASS*NATV,Pedro,Fernández de Velasco y Solier,BIOGRAPHY*NAME_NUMBER*II,,,,,,,,,BIOGRAPHY*TITLE*CONDE,BIOGRAPHY*TITLE_NUMBER*1,BIOGRAPHY*TITLE_CONNECTOR*DE,BETA geoid 1076,,1430-05-22,,1470-02-25,,Franco 18,BIOGRAPHY*MILESTONE_CLASS*BOR,,,,,1390,,,,DB~e,BIOGRAPHY*AFFILIATION_CLASS*PRO,BIOGRAPHY*AFFILIATION_CLASS!PRO*NOBLE,,,,,,,,,BIOGRAPHY*SEX*M,BIOGRAPHY*RELATED_BIOCLASS*SON,,BETA bioid 4166,,,,,,Franco 20,BIOGRAPHY*RELATED_INSCLASS*FUN,,BETA insid 1355,,,,,,,,BETA bibid 8921,,,,,,,,,,,,,,,,,"¿Es el poeta Pedro de Velasco?<br /><br />Funda el Hospital de la Vera Cruz en Medina de Pomar y le deja su importante biblioteca en 1455, inventariada en el catálogo editado por Paz y Melia y Lawrance 1984.<br /><br />Por lo tanto cualquier MS mencionado en ese inventario tiene por fuerza que ser anterior a 1455",,1991-06-22,FAULHABER,2024-08-09,FAULHABER,UNIVERSAL*INTERNET_CLASS*VIAF,https://viaf.org/viaf/71457923/,VIAF,2021-05-29,"Pedro Fernández de Velasco y Solier II, 1. conde de Haro [1430-05-22 - 1470-02-25]"
BETA bioid 3263,BIOGRAPHY*NAME_CLASS*PSNM,,,,,el Buen Conde de Haro,,,,,,"López de Haro, I:183",BIOGRAPHY*TITLE*SENOR,,BIOGRAPHY*TITLE_CONNECTOR*DE,BETA geoid 1972,,,,1470-02-25,,Franco 18,BIOGRAPHY*MILESTONE_CLASS*BOR,,,,,1399,ca.?,,,Perea 2004:108,,,,,,,,,,,,BIOGRAPHY*RELATED_BIOCLASS*HUSBAND,,BETA bioid 5398,,,,,,,BIOGRAPHY*RELATED_INSCLASS*FUN,,BETA insid 5360,,,,,,,BIOGRAPHY*RELATED_BIBCLASS*VID,BETA bibid 6783,,,71457923,,,,,,,,,,,,,,,,,,,,UNIVERSAL*INTERNET_CLASS*URL,http://dbe.rah.es/biografias/16219/pedro-fernandez-de-velasco,RAH DB~e,2021-05-29,
BETA bioid 3263,,,,,,,,,,,,,BIOGRAPHY*TITLE*SENOR,,BIOGRAPHY*TITLE_CONNECTOR*DE,BETA geoid 1119,,,,1470-02-25,,Franco 18,,"reunido con Juan II y la nobleza castellana, para tratar el destierro de Álvaro de Luna, en",,BETA geoid 1805,,1427-09-01,,1427-09-11,,{I}Halconero{/I}:12-13,,,,,,,,,,,,BIOGRAPHY*RELATED_BIOCLASS*GRANDSON,,BETA bioid 1550,,,,,,Franco 20,,,,,,,,,,BIOGRAPHY*RELATED_BIBCLASS*VID,BETA bibid 8309,,,16219/pedro-fernandez-de-velasco,,,,,,,,,,,,,,,,,,,,UNIVERSAL*INTERNET_CLASS*URL,https://www.wikidata.org/wiki/Q6068800,Wikidata,2021-05-29,
BETA bioid 3263,,,,,,,,,,,,,BIOGRAPHY*TITLE*SENOR,,BIOGRAPHY*TITLE_CONNECTOR*DE,BETA geoid 1286,,,,1470-02-25,,Franco 18,,"recibe al condestable Don Álvaro, recién regresado de su destierro, en",,BETA geoid 1507,,1428-02-06,,,,{I}Halconero{/I}:18,,,,,,,,,,,,BIOGRAPHY*RELATED_BIOCLASS*FATHER,,BETA bioid 6050,,,,,,Franco 27-28,,,,,,,,,,BIOGRAPHY*RELATED_BIBCLASS*VID,BETA bibid 8603,,,Q6068800,,,,,,,,,,,,,,,,,,,,UNIVERSAL*INTERNET_CLASS*URL,http://es.wikipedia.org/wiki/Pedro_Fern%C3%A1ndez_II_de_Velasco,Wikipedia,2009-11-25,
BETA bioid 3263,,,,,,,,,,,,,BIOGRAPHY*TITLE*CAMARERO,,,,,1419,ca.,1470-02-25,,Franco 18,,nombrado capitán de las tropas castellanas en contra de la invasíon que preparaban los infantes de Aragón,,,,1429-04,,,,{I}Halconero{/I}:34,,,,,,,,,,,,BIOGRAPHY*RELATED_BIOCLASS*FATHER,,BETA bioid 6051,,,,,,Franco 27-28,,,,,,,,,,,BETA bibid 2313,I,"97, 147",,,,,,,,,,,,,,,,,,,,,,,,,
BETA bioid 3263,,,,,,,,,,,,,,,,,,,,,,,,"en el real castellano, preparando la batalla contra los infantes de Aragón, en",,BETA geoid 1406,,1429-06-23,,1429-07-04,ca.,{I}Halconero{/I}:37-38,,,,,,,,,,,,BIOGRAPHY*RELATED_BIOCLASS*FATHER,,BETA bioid 6053,,,,,,Franco 29,,,,,,,,,,BIOGRAPHY*RELATED_BIBCLASS*VIDOB,BETA bibid 1715,,[1-2],,,,,,,,,,,,,,,,,,,,,,,,,
BETA bioid 3263,,,,,,,,,,,,,,,,,,,,,,,,"en el despojo de los bienes de los infantes de Aragón, Juan II le concede la villa de",,BETA geoid 2010,,1429-08,,,,{I}Halconero{/I}:52,,,,,,,,,,,,BIOGRAPHY*RELATED_BIOCLASS*FATHER,,BETA bioid 6052,,,,,,Franco 29,,,,,,,,,,,BETA bibid 4464,,,,,,,,,,,,,,,,,,,,,,,,,,,
BETA bioid 3263,,,,,,,,,,,,,,,,,,,,,,,,"Juan II le concede el título de conde de Haro, en una ceremonia celebrada en",,BETA geoid 1030,,1430-05-22,,,,{I}Halconero{/I}:61-62,,,,,,,,,,,,BIOGRAPHY*RELATED_BIOCLASS*SON,,BETA bioid 6702,,,,,,Paulino,,,,,,,,,,,BETA bibid 1695,,,,,,,,,,,,,,,,,,,,,,,,,,,
BETA bioid 3263,,,,,,,,,,,,,,,,,,,,,,,,miembro del consejo del rey en las treguas de,,BETA geoid 2011,,1430-07,,1430-08,,{I}Halconero{/I}:68,,,,,,,,,,,,BIOGRAPHY*RELATED_BIOCLASS*RELATIVE,,BETA bioid 4317,,,,,,,,,,,,,,,,,BETA bibid 5238,,,,,,,,,,,,,,,,,,,,,,,,,,,
BETA bioid 3263,,,,,,,,,,,,,,,,,,,,,,,,vistas en contra del condestable Álvaro de Luna,,BETA geoid 1322,,1449-07-26,,,,Arteaga I:147,,,,,,,,,,,,BIOGRAPHY*RELATED_BIOCLASS*CONTO,,BETA bioid 1072,,1453,,1469,,,,,,,,,,,,,BETA bibid 5241,,,,,,,,,,,,,,,,,,,,,,,,,,,
BETA bioid 3263,,,,,,,,,,,,,,,,,,,,,,,,entrevista con Enrique IV en,,BETA geoid 1969,,1465,,,,Franco 25,,,,,,,,,,,,BIOGRAPHY*RELATED_BIOCLASS*<SCR,,BETA bioid 2415,,1450-04-29,,,,Castro 401,,,,,,,,,,,BETA bibid 1669,,,,,,,,,,,,,,,,,,,,,,,,,,,
BETA bioid 3263,,,,,,,,,,,,,,,,,,,,,,,BIOGRAPHY*MILESTONE_CLASS*DIE,,,BETA geoid 1972,,,,1470-02-25,,Franco 18,,,,,,,,,,,,BIOGRAPHY*RELATED_BIOCLASS*FATHER,,BETA bioid 1252,,,,,,Wikipedia,,,,,,,,,,,BETA bibid 3922,,,,,,,,,,,,,,,,,,,,,,,,,,,
BETA bioid 3263,,,,,,,,,,,,,,,,,,,,,,,,,,,,,,,,,,,,,,,,,,,,BIOGRAPHY*RELATED_BIOCLASS*PRESO,,BETA bioid 1020,,1432-02,,,,Arteaga I:97,,,,,,,,,,BIOGRAPHY*RELATED_BIBCLASS*VIDOB,BETA bibid 4450,,79-81,,,,,,,,,,,,,,,,,,,,,,,,,
BETA bioid 3263,,,,,,,,,,,,,,,,,,,,,,,,,,,,,,,,,,,,,,,,,,,,BIOGRAPHY*RELATED_BIOCLASS*ENEMIGO,,BETA bioid 1308,,1449-07-26,,,,Arteaga I:147,,,,,,,,,,,BETA bibid 2774,,,"728, 968",,,,,,,,,,,,,,,,,,,,,,,,
BETA bioid 3263,,,,,,,,,,,,,,,,,,,,,,,,,,,,,,,,,,,,,,,,,,,,BIOGRAPHY*RELATED_BIOCLASS*BROTHER,,BETA bioid 1511,,,,,,,,,,,,,,,,,BETA bibid 1806,,,,,,,,,,,,,,,,,,,,,,,,,,,
BETA bioid 3263,,,,,,,,,,,,,,,,,,,,,,,,,,,,,,,,,,,,,,,,,,,,BIOGRAPHY*RELATED_BIOCLASS*CONSO,,BETA bioid 1018,,,,,,,,,,,,,,,,,BETA bibid 2639,,305n,,,,,,,,,,,,,,,,,,,,,,,,,
BETA bioid 3263,,,,,,,,,,,,,,,,,,,,,,,,,,,,,,,,,,,,,,,,,,,,BIOGRAPHY*RELATED_BIOCLASS*<OFI,(mayordomo),BETA bioid 4241,,1450-04-29,,,,Castro 401,,,,,,,,,,,BETA bibid 1130,,401,372,,,,,,,,,,,,,,,,,,,,,,,,
BETA bioid 3263,,,,,,,,,,,,,,,,,,,,,,,,,,,,,,,,,,,,,,,,,,,,BIOGRAPHY*RELATED_BIOCLASS*IDENTO,,BETA bioid 1958,?,,,,,,,,,,,,,,,,BETA bibid 4106,I,183-84,,,,,,,,,,,,,,,,,,,,,,,,,
BETA bioid 3263,,,,,,,,,,,,,,,,,,,,,,,,,,,,,,,,,,,,,,,,,,,,BIOGRAPHY*RELATED_BIOCLASS*PATRO-CLI,,BETA bioid 8818,,,,,,,,,,,,,,,,,BETA bibid 2291,,,,,,,,,,,,,,,,,,,,,,,,,,,
BETA bioid 3263,,,,,,,,,,,,,,,,,,,,,,,,,,,,,,,,,,,,,,,,,,,,BIOGRAPHY*RELATED_BIOCLASS*PATRO-CLI,,BETA bioid 8819,,,,,,Cañizares 2019,,,,,,,,,,BIOGRAPHY*RELATED_BIBCLASS*VID,BETA bibid 4417,,107-10,,,,,,,,,,,,,,,,,,,,,,,,,
BETA bioid 3263,,,,,,,,,,,,,,,,,,,,,,,,,,,,,,,,,,,,,,,,,,,,BIOGRAPHY*RELATED_BIOCLASS*PATRO-CLI,,BETA bioid 8855,,,,,,,,,,,,,,,,BIOGRAPHY*RELATED_BIBCLASS*VID,BETA bibid 4813,,18-27,,,,,,,,,,,,,,,,,,,,,,,,,
BETA bioid 3263,,,,,,,,,,,,,,,,,,,,,,,,,,,,,,,,,,,,,,,,,,,,,,,,,,,,,,,,,,,,,,BIOGRAPHY*RELATED_BIBCLASS*VID,BETA bibid 4572,,,,,,,,,,,,,,,,,,,,,,,,,,,
BETA bioid 3263,,,,,,,,,,,,,,,,,,,,,,,,,,,,,,,,,,,,,,,,,,,,,,,,,,,,,,,,,,,,,,,BETA bibid 6153,,,,,,,,,,,,,,,,,,,,,,,,,,,
BETA bioid 3263,,,,,,,,,,,,,,,,,,,,,,,,,,,,,,,,,,,,,,,,,,,,,,,,,,,,,,,,,,,,,,,BETA bibid 1806,,,,,,,,,,,,,,,,,,,,,,,,,,,
BETA bioid 3558,BIOGRAPHY*NAME_CLASS*NATV,Diego,López de Stúñiga,,,,,,,,,,BIOGRAPHY*TITLE*SENOR,BIOGRAPHY*TITLE_NUMBER*1,BIOGRAPHY*TITLE_CONNECTOR*DE,BETA geoid 1546,,1396,,1417,,DB~e,BIOGRAPHY*MILESTONE_CLASS*BOR,,,BETA geoid 2850,,1350,,,,Wikidata,BIOGRAPHY*AFFILIATION_CLASS*PRO,BIOGRAPHY*AFFILIATION_CLASS!PRO*NOBLE,,,,,,,,,BIOGRAPHY*SEX*M,BIOGRAPHY*RELATED_BIOCLASS*TUTOR1,,BETA bioid 1020,,,,1409,,Dutton 1991:363,,,,,,,,,,BIOGRAPHY*RELATED_BIBCLASS*VID,BETA bibid 9036,,68-70,,,,,,,,,,,,,,,"¿identificables Diego de Estúñiga ({I}Cronología{/I} 321) y Diego de Zúñiga ({I}Cronología{/I} 1045), como sugiere Dutton 1991?",,1990-06-03,FAULHABER,2024-08-13,FAULHABER,UNIVERSAL*INTERNET_CLASS*URL,http://dbe.rah.es/biografias/17605/diego-lopez-de-stuniga,RAH DB~e,2021-06-13,"Diego López de Stúñiga, 1. señor de Béjar [1396 - 1417]"
BETA bioid 3558,BIOGRAPHY*NAME_CLASS*OTHR,Diego,López de Estúñiga,,,,,,,,,Dutton 1991,BIOGRAPHY*TITLE*CAMARERO,,,,,1379-05-29,a quo,,,DB~e,BIOGRAPHY*MILESTONE_CLASS*BOR,,,,,1365,?,,,Dutton 1991,BIOGRAPHY*AFFILIATION_CLASS*PRO,BIOGRAPHY*AFFILIATION_CLASS!PRO*POET,,,,,,,,Dutton 1982,,BIOGRAPHY*RELATED_BIOCLASS*REGTE,,BETA bioid 1017,,1392,,,,DB~e,,,,,,,,,,BIOGRAPHY*RELATED_BIBCLASS*VID,BETA bibid 8309,,,17605/diego-lopez-de-stuniga,,,,,,,,,,,,,,,,,,,,UNIVERSAL*INTERNET_CLASS*URL,https://www.wikidata.org/wiki/Q5806312,Wikidata,2021-06-13,
BETA bioid 3558,BIOGRAPHY*NAME_CLASS*OTHR,Diego de,Zúñiga,,,,,,,,,Dutton 1982,BIOGRAPHY*TITLE*JUSTICIAMAYOR,,BIOGRAPHY*TITLE_CONNECTOR*DE,BETA geoid 1162,,1395-02,,,,DB~e,BIOGRAPHY*MILESTONE_CLASS*DIE,,,BETA geoid 1028,,1417,,,,Wikidata,,,,,,,,,,,,BIOGRAPHY*RELATED_BIOCLASS*OFI,(camarero mayor) de,BETA bioid 1019,,,,,,DB~e,,,,,,,,,,BIOGRAPHY*RELATED_BIBCLASS*VID,BETA bibid 8603,,,Q5806312,,,,,,,,,,,,,,,,,,,,,,,,
BETA bioid 3558,BIOGRAPHY*NAME_CLASS*OTHR,Diego de,Estúñiga,,,,,,,,,Dutton 1991,,,,,,,,,,,,,,,,,,,,,,,,,,,,,,,,BIOGRAPHY*RELATED_BIOCLASS*FATHER,,BETA bioid 1604,,,,,,Vicens Hualde,,,,,,,,,,BIOGRAPHY*RELATED_BIBCLASS*VIDOB,BETA bibid 3354,VII,363-64,,,,,,,,,,,,,,,,,,,,,,,,,
BETA bioid 3558,,,,,,,,,,,,,,,,,,,,,,,,,,,,,,,,,,,,,,,,,,,,,,,,,,,,,,,,,,,,,,BIOGRAPHY*RELATED_BIBCLASS*OBR,BETA bibid 2749,,103,321,,,,,,,,,,,,,,,,,,,,,,,,
BETA bioid 3558,,,,,,,,,,,,,,,,,,,,,,,,,,,,,,,,,,,,,,,,,,,,,,,,,,,,,,,,,,,,,,BIOGRAPHY*RELATED_BIBCLASS*OBR,BETA bibid 2749,,224,1045,,,,,,,,,,,,,,,,,,,,,,,,
BETA bioid 3558,,,,,,,,,,,,,,,,,,,,,,,,,,,,,,,,,,,,,,,,,,,,,,,,,,,,,,,,,,,,,,BIOGRAPHY*RELATED_BIBCLASS*OBR,BETA bibid 1002,II,198,,,,,,,,,,,,,,,,,,,,,,,,,
BETA bioid 3648,BIOGRAPHY*NAME_CLASS*NATV,Juan,Cromberger,,,,,,,,,,,,,,,,,,,,,,,,,,,,,,BIOGRAPHY*AFFILIATION_CLASS*PRO,BIOGRAPHY*AFFILIATION_CLASS!PRO*PRINTER,,BETA geoid 1003,,1500,,1540,,BNE Cat.,BIOGRAPHY*SEX*M,BIOGRAPHY*RELATED_BIOCLASS*FATHER,,BETA bioid 3615,,,,,,,,,,,,,,,,,BETA bibid 9022,,,XX1308002,,,,,,,,,,,,,,,,1994-06-12,FAULHABER,2024-07-13,FAULHABER,UNIVERSAL*INTERNET_CLASS*URL,https://datos.bne.es/persona/XX1308002.html,BNE Datos,2024-07-13,"Juan Cromberger, impresor Sevilla (1500 - 1540)"
BETA bioid 3648,,,,,,,,,,,,,,,,,,,,,,,,,,,,,,,,,,,,,,,,,,,,BIOGRAPHY*RELATED_BIOCLASS*SON,,BETA bioid 2266,,,,,,,,,,,,,,,,,BETA bibid 3506,,,,,,,,,,,,,,,,,,,,,,,,,,,
BETA bioid 3648,,,,,,,,,,,,,,,,,,,,,,,,,,,,,,,,,,,,,,,,,,,,BIOGRAPHY*RELATED_BIOCLASS*SON,,BETA bioid 8753,,,,,,,,,,,,,,,,,,,,,,,,,,,,,,,,,,,,,,,,,,,,
BETA bioid 3648,,,,,,,,,,,,,,,,,,,,,,,,,,,,,,,,,,,,,,,,,,,,BIOGRAPHY*RELATED_BIOCLASS*FATHER,,BETA bioid 8756,,,,,,,,,,,,,,,,,,,,,,,,,,,,,,,,,,,,,,,,,,,,
BETA bioid 3771,BIOGRAPHY*NAME_CLASS*NATV,Álvaro de,Zúñiga y Guzmán,,,,,,,,,DB~e,BIOGRAPHY*TITLE*DUQUE,BIOGRAPHY*TITLE_NUMBER*1,BIOGRAPHY*TITLE_CONNECTOR*DE,BETA geoid 1031,,1469-12-20,,1480-07-25,,Lora Serrano,BIOGRAPHY*MILESTONE_CLASS*BOR,,,,,1408,,,,DB~e,BIOGRAPHY*AFFILIATION_CLASS*PRO,BIOGRAPHY*AFFILIATION_CLASS!PRO*NOBLE,,,,,,,,DB~e,BIOGRAPHY*SEX*M,BIOGRAPHY*RELATED_BIOCLASS*SON,,BETA bioid 1604,,,,,,,,,,,,,,,,,BETA bibid 9037,,,,,,,,,,,,,,,,,Faulhaber: Se ha suprimido bioid 3886 por ser duplicado de este registro.<br />La castellanización del apellido navarro Estúñiga en Zúñiga ocurre cuando los RR.CC. le conceden el ducado de Plasencia en 1480,,1994-08-08,FAULHABER,2024-08-14,FAULHABER,UNIVERSAL*INTERNET_CLASS*URL,http://dbe.rah.es/biografias/43529/alvaro-de-zuniga-y-guzman,RAH DB~e,,"Álvaro de Zúñiga y Guzmán, 1. duque de Arévalo [1469-12-20 - 1480-07-25]"
BETA bioid 3771,BIOGRAPHY*NAME_CLASS*OTHR,Álvaro de,Estúñiga y Guzmán,,,,,,,,,,BIOGRAPHY*TITLE*DUQUE,BIOGRAPHY*TITLE_NUMBER*1,BIOGRAPHY*TITLE_CONNECTOR*DE,BETA geoid 1141,,1480-01-01,,1488-06-10,,Wikipedia,BIOGRAPHY*MILESTONE_CLASS*BOR,,,BETA geoid 2289,,1410,ca.,,,Wikipedia,BIOGRAPHY*AFFILIATION_CLASS*PRO,BIOGRAPHY*AFFILIATION_CLASS!PRO*POET,?,,,,,,,Dutton,,BIOGRAPHY*RELATED_BIOCLASS*ENEMIGO,,BETA bioid 1308,,,,,,Moya,,,,,,,,,,BIOGRAPHY*RELATED_BIBCLASS*VID,BETA bibid 9036,,70-71,,,,,,,,,,,,,,,,,,,,,UNIVERSAL*INTERNET_CLASS*URL,http://es.wikipedia.org/wiki/%C3%81lvaro_de_Z%C3%BA%C3%B1iga_y_Guzm%C3%A1n,Wikipedia,2012-06-04,
BETA bioid 3771,,,,,,,,,,,,,BIOGRAPHY*TITLE*CONDE,BIOGRAPHY*TITLE_NUMBER*2,BIOGRAPHY*TITLE_CONNECTOR*DE,BETA geoid 1141,,1453-07,,1480-01-01,,Wikipedia,,"por orden de Juan II, prende al condestable Álvaro de Luna en",,BETA geoid 1030,,1453-04-04,,,,Wikipedia,,,,,,,,,,,,BIOGRAPHY*RELATED_BIOCLASS*HUSBAND,(segundas nupcias),BETA bioid 4303,,1460,,,,DB~e,,,,,,,,,,BIOGRAPHY*RELATED_BIBCLASS*VID,BETA bibid 8605,,,Q425368,,,,,,,,,,,,,,,,,,,,UNIVERSAL*INTERNET_CLASS*URL,http://es.wikipedia.org/wiki/Condado_de_Plasencia,Wikipedia,2011-03-26,
BETA bioid 3771,,,,,,,,,,,,,BIOGRAPHY*TITLE*DUQUE,BIOGRAPHY*TITLE_NUMBER*1,BIOGRAPHY*TITLE_CONNECTOR*DE,BETA geoid 1546,,1485,,1488-06-10,,Wikipedia,,vistas para la boda de Juana la Beltraneja con el duque de Guyena en,,BETA geoid 2656,,1470-10-20,,,,Arteaga I:194,,,,,,,,,,,,BIOGRAPHY*RELATED_BIOCLASS*FATHER,,BETA bioid 2032,,1464,,,,DB~e,,,,,,,,,,BIOGRAPHY*RELATED_BIBCLASS*VID,BETA bibid 8309,,,43529/alvaro-de-zuniga-y-guzman,,,,,,,,,,,,,,,,,,,,UNIVERSAL*INTERNET_CLASS*URL,http://es.wikipedia.org/wiki/Ducado_de_AꝛC3%A9valo,Wikipedia,2011-03-26,
BETA bioid 3771,,,,,,,,,,,,,BIOGRAPHY*TITLE*CONDE,BIOGRAPHY*TITLE_NUMBER*1,BIOGRAPHY*TITLE_CONNECTOR*DE,BETA geoid 2090,,1469,,1488-06-10,,Wikipedia,,en la muerte de Enrique IV en,,BETA geoid 1005,,1474-12-12,,,,Arteaga I:208,,,,,,,,,,,,BIOGRAPHY*RELATED_BIOCLASS*PATRO-CLI,,BETA bioid 3238,,1485,ad quem,,,Faulhaber,,,,,,,,,,BIOGRAPHY*RELATED_BIBCLASS*VID,BETA bibid 4572,,,,,,,,,,,,,,,,,,,,,,,UNIVERSAL*INTERNET_CLASS*URL,http://es.wikipedia.org/wiki/Ducado_de_Plasencia,Wikipedia,2011-03-26,
BETA bioid 3771,,,,,,,,,,,,,,,,,,,,,,,BIOGRAPHY*MILESTONE_CLASS*DIE,,,BETA geoid 1141,?,1488-06-10,,,,DB~e,,,,,,,,,,,,BIOGRAPHY*RELATED_BIOCLASS*FATHER,,BETA bioid 2643,,,,,,Fundación Medinaceli,,,,,,,,,,BIOGRAPHY*RELATED_BIBCLASS*OBR,BETA bibid 2749,,79,213,,,,,,,,,,,,,,,,,,,,UNIVERSAL*INTERNET_CLASS*URL,http://es.wikipedia.org/wiki/Ducado_de_B%C3%A9jar,Wikipedia,2011-03-26,
BETA bioid 3771,,,,,,,,,,,,,,,,,,,,,,,,,,,,,,,,,,,,,,,,,,,,BIOGRAPHY*RELATED_BIOCLASS*FATHER,,BETA bioid 5881,,,,,,Moya,,,,,,,,,,BIOGRAPHY*RELATED_BIBCLASS*OBR,BETA bibid 2749,,188,"810, 811",,,,,,,,,,,,,,,,,,,,,,,,
BETA bioid 3771,,,,,,,,,,,,,,,,,,,,,,,,,,,,,,,,,,,,,,,,,,,,BIOGRAPHY*RELATED_BIOCLASS*PATRO-CLI,,BETA bioid 3237,,1485,ad quem,,,Faulhaber,,,,,,,,,,,BETA bibid 1936,IV,2816,,,,,,,,,,,,,,,,,,,,,,,,,
BETA bioid 3771,,,,,,,,,,,,,,,,,,,,,,,,,,,,,,,,,,,,,,,,,,,,BIOGRAPHY*RELATED_BIOCLASS*ENEMIGO,,BETA bioid 3058,,,,,,Moya,,,,,,,,,,,BETA bibid 2313,I,"149, 183, 194, 208",,,,,,,,,,,,,,,,,,,,,,,,,
BETA bioid 3771,,,,,,,,,,,,,,,,,,,,,,,,,,,,,,,,,,,,,,,,,,,,BIOGRAPHY*RELATED_BIOCLASS*ENEMIGO,,BETA bioid 2806,,,,,,,,,,,,,,,,,BETA bibid 3354,VII,363,,,,,,,,,,,,,,,,,,,,,,,,,
BETA bioid 3771,,,,,,,,,,,,,,,,,,,,,,,,,,,,,,,,,,,,,,,,,,,,BIOGRAPHY*RELATED_BIOCLASS*ASOCIADO,,BETA bioid 1072,,,,,,Penna cix,,,,,,,,,,,,,,,,,,,,,,,,,,,,,,,,,,,,,,
BETA bioid 3771,,,,,,,,,,,,,,,,,,,,,,,,,,,,,,,,,,,,,,,,,,,,BIOGRAPHY*RELATED_BIOCLASS*CARCO,,BETA bioid 1308,,1453-04-04,,,,Arteaga I:149,,,,,,,,,,,,,,,,,,,,,,,,,,,,,,,,,,,,,,
BETA bioid 3771,,,,,,,,,,,,,,,,,,,,,,,,,,,,,,,,,,,,,,,,,,,,BIOGRAPHY*RELATED_BIOCLASS*ENEMIGO,,BETA bioid 1497,,,,,,Arteaga I:183,,,,,,,,,,,,,,,,,,,,,,,,,,,,,,,,,,,,,,
BETA bioid 3771,,,,,,,,,,,,,,,,,,,,,,,,,,,,,,,,,,,,,,,,,,,,BIOGRAPHY*RELATED_BIOCLASS*PARTIDARIO,,BETA bioid 1018,,,,,,Arteaga I:194,,,,,,,,,,,,,,,,,,,,,,,,,,,,,,,,,,,,,,
BETA bioid 3771,,,,,,,,,,,,,,,,,,,,,,,,,,,,,,,,,,,,,,,,,,,,BIOGRAPHY*RELATED_BIOCLASS*HUSBAND,(primeras nupcias),BETA bioid 6425,,,,,,DB~e,,,,,,,,,,,,,,,,,,,,,,,,,,,,,,,,,,,,,,
BETA bioid 3771,,,,,,,,,,,,,,,,,,,,,,,,,,,,,,,,,,,,,,,,,,,,BIOGRAPHY*RELATED_BIOCLASS*BROTHER,,BETA bioid 3194,,,,,,DB~e,,,,,,,,,,,,,,,,,,,,,,,,,,,,,,,,,,,,,,
BETA bioid 3771,,,,,,,,,,,,,,,,,,,,,,,,,,,,,,,,,,,,,,,,,,,,BIOGRAPHY*RELATED_BIOCLASS*CONTO,,BETA bioid 6974,,,,,,,,,,,,,,,,,,,,,,,,,,,,,,,,,,,,,,,,,,,,
BETA bioid 3771,,,,,,,,,,,,,,,,,,,,,,,,,,,,,,,,,,,,,,,,,,,,BIOGRAPHY*RELATED_BIOCLASS*FATHER,,BETA bioid 2120,,,,,,Wikipedia,,,,,,,,,,,,,,,,,,,,,,,,,,,,,,,,,,,,,,
BETA bioid 4070,BIOGRAPHY*NAME_CLASS*NATV,Antonio,Ruiz de Santillana,,,,,,,,,,,,,,,,,,,,,,,,,,,,,,BIOGRAPHY*AFFILIATION_CLASS*PRO,BIOGRAPHY*AFFILIATION_CLASS!PRO*POET,,,,1525,ad quem,,,pliego suelto,BIOGRAPHY*SEX*M,,,,,,,,,,,,,,,,,,,,BETA bibid 2749,,221,1027,,,,,,,,,,,,,,,,1994-08-17,FAULHABER,2024-07-13,FAULHABER,UNIVERSAL*INTERNET_CLASS*URL,https://www.wikidata.org/wiki/Q65681950,Wikidata,2022-12-28,"Antonio Ruiz de Santillana, poeta (1525 ad quem)"
BETA bioid 4070,,,,,,,,,,,,,,,,,,,,,,,,,,,,,,,,,,,,,,,,,,,,,,,,,,,,,,,,,,,,,,,BETA bibid 3326,I,xiv,,,,,,,,,,,,,,,,,,,,,UNIVERSAL*INTERNET_CLASS*URL,https://datos.bne.es/persona/XX1426832.html,BNE Datos,2022-12-28,
BETA bioid 4070,,,,,,,,,,,,,,,,,,,,,,,,,,,,,,,,,,,,,,,,,,,,,,,,,,,,,,,,,,,,,,BIOGRAPHY*RELATED_BIBCLASS*VIDOB,BETA bibid 9022,,,XX1426832,,,,,,,,,,,,,,,,,,,,,,,,
BETA bioid 4070,,,,,,,,,,,,,,,,,,,,,,,,,,,,,,,,,,,,,,,,,,,,,,,,,,,,,,,,,,,,,,BIOGRAPHY*RELATED_BIBCLASS*VID,BETA bibid 8603,,,Q65681950,,,,,,,,,,,,,,,,,,,,,,,,
BETA bioid 4263,BIOGRAPHY*NAME_CLASS*NATV,Pedro,Sánchez del Castillo,,BIOGRAPHY*NAME_HONORIFIC*DR,,,,,,,,BIOGRAPHY*TITLE*CORREGIDOR,,BIOGRAPHY*TITLE_CONNECTOR*DE,BETA geoid 1025,,1402,,,,Cabrera,,,,,,,,,,,,,,,,,,,,,BIOGRAPHY*SEX*M,BIOGRAPHY*RELATED_BIOCLASS*CLIENTE,,BETA bioid 1718,,1408-06-29,ad quem,,,BnF Esp. 216,,,,,,,,,,,BETA bibid 9039,,96,,,,,,,,,,,,,,,,,1994-11-06,FAULHABER,2024-09-14,FAULHABER,,,,,"Pedro Sánchez del Castillo (Dr.), corregidor de Córdoba [1402]"
BETA bioid 4263,,,,,,,,,,,,,,,,,,,,,,,,,,,,,,,,,,,,,,,,,,,,BIOGRAPHY*RELATED_BIOCLASS*EMB,,BETA bioid 2967,,1408-06-29,ad quem,,,"BnF Esp. 216, f. 83r",,,,,,,,,,,,,,,,,,,,,,,,,,,,,,,,,,,,,,
BETA bioid 4323,BIOGRAPHY*NAME_CLASS*NATV,Juan,Funes y Villalpando,,,,,,,,,Jardiel,BIOGRAPHY*TITLE*MARQUES,BIOGRAPHY*TITLE_NUMBER*1,BIOGRAPHY*TITLE_CONNECTOR*DE,BETA geoid 2601,,,,,,DB~e,BIOGRAPHY*MILESTONE_CLASS*BOR,,,,,1592,ad quem,,,BNE Datos,,,,,,,,,,,BIOGRAPHY*SEX*M,BIOGRAPHY*RELATED_BIOCLASS*CORRESPONDENT,,BETA bioid 2315,,1624-08-19,,,,BNE MSS/707,,,,,,,,,,,BETA bibid 1004,II,181,707,,,,,,,,,,,,,,,,1995-02-26,FAULHABER,2024-07-13,FAULHABER,UNIVERSAL*INTERNET_CLASS*URL,https://datos.bne.es/persona/XX5848168.html,BNE Datos,2024-07-13,"Juan Funes y Villalpando, 1. marqués de Osera"
BETA bioid 4323,BIOGRAPHY*NAME_CLASS*OTHR,Juan de,Funes y Villalpando,,,,,,,,,BNE Datos,BIOGRAPHY*TITLE*SENOR,BIOGRAPHY*TITLE_NUMBER*7,BIOGRAPHY*TITLE_CONNECTOR*DE,BETA geoid 1759,,,,,,DB~e,BIOGRAPHY*MILESTONE_CLASS*RES,,,BETA geoid 1077,,1624-08-19,,,,BNE MSS/707,,,,,,,,,,,,,,,,,,,,,,,,,,,,,,,BETA bibid 4990,,,,,,,,,,,,,,,,,,,,,,,UNIVERSAL*INTERNET_CLASS*URL,http://catalogo.bne.es/uhtbin/cgisirsi/x/0/0/57/20/MSS^2F707/0/X1001157228?user_id=WEBSERVER,BNE Cat.,2024-07-13,
BETA bioid 4323,,,,,,,,,,,,,,,,,,,,,,,BIOGRAPHY*MILESTONE_CLASS*DIE,,,,,1640-12-20,ad quem,,,DB~e,,,,,,,,,,,,,,,,,,,,,,,,,,,,,,,BETA bibid 5020,,,MSS/707,,,,,,,,,,,,,,,,,,,,UNIVERSAL*INTERNET_CLASS*URL,https://dbe.rah.es/biografias/9982/juan-funes-de-villalpando,RAH DB~e,2024-07-13,
BETA bioid 4323,,,,,,,,,,,,,,,,,,,,,,,,,,,,,,,,,,,,,,,,,,,,,,,,,,,,,,,,,,,,,,,BETA bibid 9022,,,XX5848168,,,,,,,,,,,,,,,,,,,,,,,,
BETA bioid 4323,,,,,,,,,,,,,,,,,,,,,,,,,,,,,,,,,,,,,,,,,,,,,,,,,,,,,,,,,,,,,,,BETA bibid 8309,,,9982/juan-funes-de-villalpando,,,,,,,,,,,,,,,,,,,,,,,,
BETA bioid 4326,BIOGRAPHY*NAME_CLASS*NATV,García,Fernández,,,,,,,,,,BIOGRAPHY*TITLE*SENOR,,BIOGRAPHY*TITLE_CONNECTOR*DE,BETA geoid 2920,,,,,,,BIOGRAPHY*MILESTONE_CLASS*BOR,,,,,1180,ca.,,,DB~e RAH,,,,,,,,,,,BIOGRAPHY*SEX*M,BIOGRAPHY*RELATED_BIOCLASS*OFI,(mayordomo) de,BETA bioid 7084,,1203,,,,Domingo Pérez:271,,,,,,,,,,BIOGRAPHY*RELATED_BIBCLASS*VID,BETA bibid 9021,,,,,,,,,,,,,,,,,"Perea: Por error, Domingo Pérez (272) indica que Berenguela fue esposa de Fernando III, en vez de su madre. Al ser el caballero nombrado mayordomo de la reina en 1217, se supone que lo fue primero de Berenguela y más tarde de Beatriz de Suabia, en tanto que poseyó este oficio de la cámara real desde 1203 en adelante",,1995-03-04,FAULHABER,2024-07-08,PEREA,UNIVERSAL*INTERNET_CLASS*URL,https://www.wikidata.org/wiki/Q82835,Wikidata,2024-07-08,"García Fernández, señor de Villamayor de los Montes"
BETA bioid 4326,,,,,,,,,,,,,,,,,,,,,,,BIOGRAPHY*MILESTONE_CLASS*DIE,,,,,1241-12,ca.,,,Domingo Pérez:273,,,,,,,,,,,,BIOGRAPHY*RELATED_BIOCLASS*OFI,(mayordomo) de,BETA bioid 2094,,1222-01-16,,,,BNE MSS/716,,,,,,,,,,BIOGRAPHY*RELATED_BIBCLASS*VID,BETA bibid 8603,,,Q82835,,,,,,,,,,,,,,,,,,,,UNIVERSAL*INTERNET_CLASS*URL,https://dbe.rah.es/biografias/58226/garcia-fernandez-de-villamayor,DB~e RAH,2024-07-08,
BETA bioid 4326,,,,,,,,,,,,,,,,,,,,,,,,,,,,,,,,,,,,,,,,,,,,BIOGRAPHY*RELATED_BIOCLASS*OFI,mayordomo mayor de,BETA bioid 1110,,1232,,1238,,Domingo Pérez:270,,,,,,,,,,BIOGRAPHY*RELATED_BIBCLASS*VID,BETA bibid 8309,,,58226/garcia-fernandez-de-villamayor,,,,,,,,,,,,,,,,,,,,,,,,
BETA bioid 4326,,,,,,,,,,,,,,,,,,,,,,,,,,,,,,,,,,,,,,,,,,,,BIOGRAPHY*RELATED_BIOCLASS*AYO1,,BETA bioid 1007,,1221,,,,DB~e RAH,,,,,,,,,,,,,,,,,,,,,,,,,,,,,,,,,,,,,,
BETA bioid 4326,,,,,,,,,,,,,,,,,,,,,,,,,,,,,,,,,,,,,,,,,,,,BIOGRAPHY*RELATED_BIOCLASS*OFI,(mayordomo) de,BETA bioid 5318,,1217,,,,Domingo Pérez:272,,,,,,,,,,,,,,,,,,,,,,,,,,,,,,,,,,,,,,
BETA bioid 4636,BIOGRAPHY*NAME_CLASS*NATV,María de,Tovar,,,,,,,,,Egerton 292:3r,BIOGRAPHY*TITLE*DUQUESA,BIOGRAPHY*TITLE_NUMBER*2,BIOGRAPHY*TITLE_CONNECTOR*DE,BETA geoid 1119,,1482,,1527-11-30,,Wikipedia,BIOGRAPHY*MILESTONE_CLASS*DIE,,,,,1527-11-30,,,,Wikipedia,,,,,,,,,,,BIOGRAPHY*SEX*F,BIOGRAPHY*RELATED_BIOCLASS*WIFE,,BETA bioid 1526,,1482,,,,Egerton 292:3r,,,,,,,,,,,BETA bibid 4572,,,,,,,,,,,,,,,,,,,1998-05-07,FAULHABER,2024-07-29,PEREA,UNIVERSAL*INTERNET_CLASS*URL,https://es.wikipedia.org/wiki/%C3%8D%C3%B1igo_Fern%C3%A1ndez_de_Velasco_y_Mendoza,Wikipedia,2018-07-17,"María de Tovar, 2. duquesa de Frías [1482 - 1527-11-30]"
BETA bioid 4636,,,,,,,,,,,,,,,,,,,,,,,,,,,,,,,,,,,,,,,,,,,,BIOGRAPHY*RELATED_BIOCLASS*MOTHER,,BETA bioid 4635,,,,,,BL Egerton 292:3r,,,,,,,,,,,,,,,,,,,,,,,,,,,,,,,,,,,,,,
BETA bioid 4636,,,,,,,,,,,,,,,,,,,,,,,,,,,,,,,,,,,,,,,,,,,,BIOGRAPHY*RELATED_BIOCLASS*MOTHER,,BETA bioid 7294,,,,,,Wikipedia,,,,,,,,,,,,,,,,,,,,,,,,,,,,,,,,,,,,,,
BETA bioid 4636,,,,,,,,,,,,,,,,,,,,,,,,,,,,,,,,,,,,,,,,,,,,BIOGRAPHY*RELATED_BIOCLASS*AMIGA,,BETA bioid 1339,,,,,,,,,,,,,,,,,,,,,,,,,,,,,,,,,,,,,,,,,,,,
BETA bioid 4636,,,,,,,,,,,,,,,,,,,,,,,,,,,,,,,,,,,,,,,,,,,,BIOGRAPHY*RELATED_BIOCLASS*SISTER,,BETA bioid 4635,,,,,,Wikipedia,,,,,,,,,,,,,,,,,,,,,,,,,,,,,,,,,,,,,,
BETA bioid 4636,,,,,,,,,,,,,,,,,,,,,,,,,,,,,,,,,,,,,,,,,,,,BIOGRAPHY*RELATED_BIOCLASS*GRANDDAUGHTER,,BETA bioid 4166,,,,,,,,,,,,,,,,,,,,,,,,,,,,,,,,,,,,,,,,,,,,
BETA bioid 4636,,,,,,,,,,,,,,,,,,,,,,,,,,,,,,,,,,,,,,,,,,,,BIOGRAPHY*RELATED_BIOCLASS*SISTERINLAW,,BETA bioid 2863,,,,,,,,,,,,,,,,,,,,,,,,,,,,,,,,,,,,,,,,,,,,
BETA bioid 4636,,,,,,,,,,,,,,,,,,,,,,,,,,,,,,,,,,,,,,,,,,,,BIOGRAPHY*RELATED_BIOCLASS*MOTHERINLAW,,BETA bioid 5400,,,,,,Perea,,,,,,,,,,,,,,,,,,,,,,,,,,,,,,,,,,,,,,
BETA bioid 4636,,,,,,,,,,,,,,,,,,,,,,,,,,,,,,,,,,,,,,,,,,,,BIOGRAPHY*RELATED_BIOCLASS*DAUGHTERINLAW,,BETA bioid 3934,,,,,,Fundación Medinaceli,,,,,,,,,,,,,,,,,,,,,,,,,,,,,,,,,,,,,,
BETA bioid 4636,,,,,,,,,,,,,,,,,,,,,,,,,,,,,,,,,,,,,,,,,,,,BIOGRAPHY*RELATED_BIOCLASS*DAUGHTER,,BETA bioid 5398,,,,,,,,,,,,,,,,,,,,,,,,,,,,,,,,,,,,,,,,,,,,
BETA bioid 4636,,,,,,,,,,,,,,,,,,,,,,,,,,,,,,,,,,,,,,,,,,,,BIOGRAPHY*RELATED_BIOCLASS*CONFA,,BETA bioid 8852,,,,,,RAH DB~e,,,,,,,,,,,,,,,,,,,,,,,,,,,,,,,,,,,,,,
BETA bioid 4930,BIOGRAPHY*NAME_CLASS*NATV,Gonzalo,Pérez Gudiel,,BIOGRAPHY*NAME_HONORIFIC*CARDENAL,,,,,,,,BIOGRAPHY*TITLE*CARDENALOBISPO,,BIOGRAPHY*TITLE_CONNECTOR*DE,BETA geoid 1919,,1298-12-04,,1299-11-07,,DB~e,,Entrevista entre Alfonso X y Gregorio X en,,BETA geoid 2019,,1275,,,,{I}DHEE{/I} 974,,,,,,,,,,,BIOGRAPHY*SEX*M,BIOGRAPHY*RELATED_BIOCLASS*NOT,,BETA bioid 1007,,,,,,{I}DHEE{/I} 974,BIOGRAPHY*RELATED_INSCLASS*FUN,a su ruego,BETA insid 1181,,1293-05-20,,,,{I}DHEE{/I} 974,BIOGRAPHY*RELATED_BIBCLASS*VID,BETA bibid 9035,,151-68,,,,,,,,,,,,,,,Díaz Ibánez 2002 señala que Gonzalo Pérez Gudiel (BETA bioid 4930) y Gonzalo García Gudiel (BETA bioid 4931) eran parientes,,2001-02-23,CUELLAR,2024-08-13,FAULHABER,UNIVERSAL*INTERNET_CLASS*URL,http://dbe.rah.es/biografias/14182/gonzalo-petrez,RAH DB~e,2021-06-16,"Gonzalo Pérez Gudiel (cardenal), cardenal obispo de Sede suburbicaria de Albano [1298-12-04 - 1299-11-07]"
BETA bioid 4930,BIOGRAPHY*NAME_CLASS*OTHR,Gonzalo,Pétrez,,,,,,,,,DB~e,BIOGRAPHY*TITLE*ARZOBISPO,,BIOGRAPHY*TITLE_CONNECTOR*DE,BETA geoid 1717,,1280-05-03,?,1298-12-04,,{I}DHEE{/I} 2570,,Bodas de Sancho IV y María de Molina en,,BETA geoid 1006,,1284-05,,,,{I}DHEE{/I} 974,,,,,,,,,,,,BIOGRAPHY*RELATED_BIOCLASS*COLABDR,,BETA bioid 1023,,,,,,{I}DHEE{/I} 974,BIOGRAPHY*RELATED_INSCLASS*STU,de la,BETA insid 1073,,,,,,DB~e,BIOGRAPHY*RELATED_BIBCLASS*VIDOB,BETA bibid 9031,,,,,,,,,,,,,,,,,,,,,,,UNIVERSAL*INTERNET_CLASS*URL,https://www.wikidata.org/wiki/Q2420654,Wikidata,2021-06-18,
BETA bioid 4930,BIOGRAPHY*NAME_CLASS*OTHR,Gonzalo,García Gudiel,,,,,,,,,{I}DHEE{/I} 974,BIOGRAPHY*TITLE*OBISPO,,BIOGRAPHY*TITLE_CONNECTOR*DE,BETA geoid 1815,,1275-09-21,?,1280-05-15,?,{I}DHEE{/I} 294,,Apertura de las tumbas reales en,,BETA geoid 1006,,1289-11-21,,,,{I}DHEE{/I} 974,,,,,,,,,,,,BIOGRAPHY*RELATED_BIOCLASS*COLABDR,,BETA bioid 2844,,,,,,{I}DHEE{/I} 974,,,,,,,,,,BIOGRAPHY*RELATED_BIBCLASS*VID,BETA bibid 8309,,,14182/gonzalo-petrez,,,,,,,,,,,,,,,,,,,,UNIVERSAL*INTERNET_CLASS*URL,https://es.wikipedia.org/wiki/Anexo:Obispos_de_Cuenca,Wikipedia,2024-08-12,
BETA bioid 4930,BIOGRAPHY*NAME_CLASS*OTHR,Gonzalo,Rodríguez Hinojosa,,,,,,,,,{I}DHEE{/I} 347,BIOGRAPHY*TITLE*OBISPO,,BIOGRAPHY*TITLE_CONNECTOR*DE,BETA geoid 1874,,1272-10-22,,1275-09-27,?,DB~e,,Sepultura de Sancho IV en,,BETA geoid 1006,,1295-04-25,,1295-04-26,,{I}DHEE{/I} 974,,,,,,,,,,,,BIOGRAPHY*RELATED_BIOCLASS*SON,,BETA bioid 4932,,,,,,{I}DHEE{/I} 974,,,,,,,,,,BIOGRAPHY*RELATED_BIBCLASS*VID,BETA bibid 8603,,,Q2420654,,,,,,,,,,,,,,,,,,,,,,,,
BETA bioid 4930,BIOGRAPHY*NAME_CLASS*OTHR,Gonzalo,Rodríguez Inojosa,,,,,,,,,{I}DHEE{/I} 2570,BIOGRAPHY*TITLE*NOTARIOMAYOR,,BIOGRAPHY*TITLE_CONNECTOR*DE,BETA geoid 1162,,1270,,,,DB~e,BIOGRAPHY*MILESTONE_CLASS*DIE,,,BETA geoid 1196,,1299-11-07,,,,DB~e,,,,,,,,,,,,BIOGRAPHY*RELATED_BIOCLASS*SON,,BETA bioid 4933,,,,,,{I}DHEE{/I} 974,,,,,,,,,,BIOGRAPHY*RELATED_BIBCLASS*VID,BETA bibid 1936,I,"294, 347, 655",,,,,,,,,,,,,,,,,,,,,,,,,
BETA bioid 4930,,,,,,,,,,,,,BIOGRAPHY*TITLE*ARCEDIANO,,BIOGRAPHY*TITLE_CONNECTOR*DE,BETA geoid 1717,,,,,,DB~e,,,,,,,,,,,,,,,,,,,,,,BIOGRAPHY*RELATED_BIOCLASS*EMB,(a Francia),BETA bioid 1007,,,,,,{I}DHEE{/I} 655,,,,,,,,,,BIOGRAPHY*RELATED_BIBCLASS*VID,BETA bibid 1936,II,974-75,,,,,,,,,,,,,,,,,,,,,,,,,
BETA bioid 4930,,,,,,,,,,,,,BIOGRAPHY*TITLE*DEAN,,BIOGRAPHY*TITLE_CONNECTOR*DE,BETA geoid 1717,,,,,,{I}DHEE{/I} 974,,,,,,,,,,,,,,,,,,,,,,BIOGRAPHY*RELATED_BIOCLASS*BROTHER,,BETA bioid 1011,,,,,,DB~e,,,,,,,,,,BIOGRAPHY*RELATED_BIBCLASS*VID,BETA bibid 1936,IV,2570,,,,,,,,,,,,,,,,,,,,,,,,,
BETA bioid 4930,,,,,,,,,,,,,BIOGRAPHY*TITLE*ARCEDIANO,,BIOGRAPHY*TITLE_CONNECTOR*DE,BETA geoid 1400,,,,,,DB~e,,,,,,,,,,,,,,,,,,,,,,BIOGRAPHY*RELATED_BIOCLASS*CLIENTE,,BETA bioid 5630,,,,,,,,,,,,,,,,BIOGRAPHY*RELATED_BIBCLASS*VID,BETA bibid 4572,,,,,,,,,,,,,,,,,,,,,,,,,,,
BETA bioid 4930,,,,,,,,,,,,,,,,,,,,,,,,,,,,,,,,,,,,,,,,,,,,BIOGRAPHY*RELATED_BIOCLASS*CONTO,,BETA bioid 4901,,,,,,,,,,,,,,,,BIOGRAPHY*RELATED_BIBCLASS*VID,BETA bibid 8249,,553,,,,,,,,,,,,,,,,,,,,,,,,,
BETA bioid 4930,,,,,,,,,,,,,,,,,,,,,,,,,,,,,,,,,,,,,,,,,,,,BIOGRAPHY*RELATED_BIOCLASS*ENEMIGO,,BETA bioid 5633,,,,,,DB~e,,,,,,,,,,,,,,,,,,,,,,,,,,,,,,,,,,,,,,
BETA bioid 4930,,,,,,,,,,,,,,,,,,,,,,,,,,,,,,,,,,,,,,,,,,,,BIOGRAPHY*RELATED_BIOCLASS*RELATIVE,,BETA bioid 4931,,,,,,Díaz Ibáñez,,,,,,,,,,,,,,,,,,,,,,,,,,,,,,,,,,,,,,
BETA bioid 4930,,,,,,,,,,,,,,,,,,,,,,,,,,,,,,,,,,,,,,,,,,,,BIOGRAPHY*RELATED_BIOCLASS*GRANDFATHER,,BETA bioid 1645,?,,,,,Martínez Caviró 2010,,,,,,,,,,,,,,,,,,,,,,,,,,,,,,,,,,,,,,
BETA bioid 5401,BIOGRAPHY*NAME_CLASS*NATV,Beatriz de,Velasco,,,,,,,,,Perea,BIOGRAPHY*TITLE*MARQUESA,BIOGRAPHY*TITLE_NUMBER*1,BIOGRAPHY*TITLE_CONNECTOR*DE,BETA geoid 2007,,1484,,1515,ca.,Perea,,,,,,,,,,,,,,,,,,,,,BIOGRAPHY*SEX*F,BIOGRAPHY*RELATED_BIOCLASS*DAUGHTER,,BETA bioid 1252,,,,,,Perea,,,,,,,,,,,,,,,,,,,,,,,,,,,,,,2002-08-22,PEREA,2021-05-31,FAULHABER,,,,,"Beatriz de Velasco, 1. marquesa de Aguilar [1484 - 1515 ca.]"
BETA bioid 5401,,,,,,,,,,,,,,,,,,,,,,,,,,,,,,,,,,,,,,,,,,,,BIOGRAPHY*RELATED_BIOCLASS*DAUGHTER,,BETA bioid 2868,,,,,,Perea,,,,,,,,,,,,,,,,,,,,,,,,,,,,,,,,,,,,,,
BETA bioid 5401,,,,,,,,,,,,,,,,,,,,,,,,,,,,,,,,,,,,,,,,,,,,BIOGRAPHY*RELATED_BIOCLASS*SISTER,,BETA bioid 4585,,,,,,Perea,,,,,,,,,,,,,,,,,,,,,,,,,,,,,,,,,,,,,,
BETA bioid 5401,,,,,,,,,,,,,,,,,,,,,,,,,,,,,,,,,,,,,,,,,,,,BIOGRAPHY*RELATED_BIOCLASS*WIFE,,BETA bioid 5400,,,,,,Perea,,,,,,,,,,,,,,,,,,,,,,,,,,,,,,,,,,,,,,
BETA bioid 5401,,,,,,,,,,,,,,,,,,,,,,,,,,,,,,,,,,,,,,,,,,,,BIOGRAPHY*RELATED_BIOCLASS*SISTER,,BETA bioid 5406,,,,,,Perea,,,,,,,,,,,,,,,,,,,,,,,,,,,,,,,,,,,,,,
BETA bioid 5401,,,,,,,,,,,,,,,,,,,,,,,,,,,,,,,,,,,,,,,,,,,,BIOGRAPHY*RELATED_BIOCLASS*SISTER,,BETA bioid 5407,,,,,,DB~e,,,,,,,,,,,,,,,,,,,,,,,,,,,,,,,,,,,,,,
BETA bioid 5751,BIOGRAPHY*NAME_CLASS*NATV,Pedro,Armengol,,BIOGRAPHY*NAME_HONORIFIC*SAN,,,,,,,{I}DHEE{/I} 95,,,,,,,,,,,BIOGRAPHY*MILESTONE_CLASS*BOR,,,BETA geoid 1048,,1230,ca.,,,{I}DHEE{/I} 95,BIOGRAPHY*AFFILIATION_CLASS*ORD,BIOGRAPHY*AFFILIATION_CLASS!ORD*OMIN,,,,,,,,{I}DHEE{/I} 95,BIOGRAPHY*SEX*M,,,,,,,,,,BIOGRAPHY*RELATED_INSCLASS*COM,,BETA insid 11259,,,,,,Wikipedia,BIOGRAPHY*RELATED_BIBCLASS*VID,BETA bibid 1936,I,95,,,,,,,,,,,,,,,"“Casi toda la vida de este santo mercedario corresponde al generalato de fray Pedro de Amer (1271-1301). Es verosímil que naciera el año 1230, en Barcelona, o en algún lugar del feudo de los condes de Urgel. El apellido Armengol y los escudos de la familia confirman que pertenecía a la noble casa de los condes de Urgel, sin ser hijo de ninguno de ellos.” ({I}DHEE{/I} 95)<br /><br />“ingresa más tarde en la Orden de Nuestra Señora de la Merced…Y llega a la cima del sacerdocio y llega a ser redentor de cautivos. Realizó cuatro redenciones. En una de estas redenciones fue condenado a la horca y suspendido en el patíbulo. Una intervención milagrosa de la Virgen de la Merced logra salvarlo de la muerte en patíbulo, aunque conservó siempre Armengol en su cuello las cicatrices del martirio” ({I}DHEE{/I} 95)",,2003-07-01,PARK,2024-08-30,FAULHABER,UNIVERSAL*INTERNET_CLASS*URL,https://ca.wikipedia.org/wiki/Sant_Pere_Ermengol,Wikipedia,2024-08-30,"Pedro Armengol (San), OM: Mínimo"
BETA bioid 5751,BIOGRAPHY*NAME_CLASS*OTHR,Pedro de,Amer,,,,?,,,,,{I}DHEE{/I} 95,,,,,,,,,,,BIOGRAPHY*MILESTONE_CLASS*DIE,,,BETA geoid 2038,,1304-05-27,,,,{I}DHEE{/I} 95,BIOGRAPHY*AFFILIATION_CLASS*PRO,BIOGRAPHY*AFFILIATION_CLASS!PRO*CLERICREGULAR,,,,,,,,,,,,,,,,,,,,,,,,,,,,BIOGRAPHY*RELATED_BIBCLASS*VID,BETA bibid 4572,,,,,,,,,,,,,,,,,,,,,,,,,,,
BETA bioid 5770,BIOGRAPHY*NAME_CLASS*NATV,Diego,Sánchez Palomeque,,,,,,,,,,,,,,,,,,,,,,,,,,,,,,,,,,,,,,,,BIOGRAPHY*SEX*M,BIOGRAPHY*RELATED_BIOCLASS*FATHER,,BETA bioid 1645,,,,,,{I}DHEE{/I} 753,,,,,,,,,,,BETA bibid 1936,II,753,,,,,,,,,,,,,,,,,2003-07-28,PARK,2024-08-13,FAULHABER,,,,,"Diego Sánchez Palomeque, padre de Gonzalo Díaz Palomeque, arzobispo de Toledo"
BETA bioid 5770,,,,,,,,,,,,,,,,,,,,,,,,,,,,,,,,,,,,,,,,,,,,BIOGRAPHY*RELATED_BIOCLASS*HUSBAND,,BETA bioid 5771,,,,,,{I}DHEE{/I} 753,,,,,,,,,,,,,,,,,,,,,,,,,,,,,,,,,,,,,,
BETA bioid 5770,,,,,,,,,,,,,,,,,,,,,,,,,,,,,,,,,,,,,,,,,,,,BIOGRAPHY*RELATED_BIOCLASS*IDENTO,,BETA bioid 8856,?,,,,,,,,,,,,,,,,,,,,,,,,,,,,,,,,,,,,,,,,,,,
BETA bioid 5855,BIOGRAPHY*NAME_CLASS*NATV,Domingo Valentín,Guerra,,,,,,,,,,BIOGRAPHY*TITLE*OBISPO,,BIOGRAPHY*TITLE_CONNECTOR*DE,BETA geoid 1728,,1728,,1742,,WIkipedia,,,,,,,,,,,,,,,,,,,,,BIOGRAPHY*SEX*M,,,,,,,,,,,,,,,,,,,,BETA bibid 4402,,,,,,,,,,,,,,,,,,,2005-03-01,FAULHABER,2024-07-13,FAULHABER,UNIVERSAL*INTERNET_CLASS*URL,https://es.wikipedia.org/wiki/Anexo:Obispos_de_Segovia,Wikipedia,2019-10-09,"Domingo Valentín Guerra, obispo de Segovia [1728 - 1742]"
BETA bioid 5855,,,,,,,,,,,,,,,,,,,,,,,,,,,,,,,,,,,,,,,,,,,,,,,,,,,,,,,,,,,,,,,BETA bibid 1004,14,149,9754,,,,,,,,,,,,,,,,,,,,UNIVERSAL*INTERNET_CLASS*URL,https://datos.bne.es/persona/XX1007784.html,BNE Datos,2024-07-13,
BETA bioid 5855,,,,,,,,,,,,,,,,,,,,,,,,,,,,,,,,,,,,,,,,,,,,,,,,,,,,,,,,,,,,,,,BETA bibid 5020,,,MSS/9754,,,,,,,,,,,,,,,,,,,,,,,,
BETA bioid 5855,,,,,,,,,,,,,,,,,,,,,,,,,,,,,,,,,,,,,,,,,,,,,,,,,,,,,,,,,,,,,,,BETA bibid 4572,,,,,,,,,,,,,,,,,,,,,,,,,,,
BETA bioid 5855,,,,,,,,,,,,,,,,,,,,,,,,,,,,,,,,,,,,,,,,,,,,,,,,,,,,,,,,,,,,,,,BETA bibid 9022,,,XX1007784,,,,,,,,,,,,,,,,,,,,,,,,
BETA bioid 5881,BIOGRAPHY*NAME_CLASS*NATV,Pedro de,Zúñiga y Manrique de Lara,,,,,,,,,Wikipedia,BIOGRAPHY*TITLE*CONDE,BIOGRAPHY*TITLE_NUMBER*2,BIOGRAPHY*TITLE_CONNECTOR*DE,BETA geoid 2090,,1480,,1484,,Wikipedia,BIOGRAPHY*MILESTONE_CLASS*BOR,,,,,1430,,,,Vicens Hualde,BIOGRAPHY*AFFILIATION_CLASS*ORD,BIOGRAPHY*AFFILIATION_CLASS!ORD*SANTIAGO,,,,,,,,Vicens Hualde,BIOGRAPHY*SEX*M,BIOGRAPHY*RELATED_BIOCLASS*GRANDSON,,BETA bioid 3273,,,,,,Moya,BIOGRAPHY*RELATED_INSCLASS*PRI,,BETA insid 5412,,,,,,Vicens Hualde,,BETA bibid 9036,,71-72,,,,,,,,,,,,,,,,,2005-12-13,MOYA,2024-08-13,FAULHABER,UNIVERSAL*INTERNET_CLASS*URL,http://es.wikipedia.org/wiki/Pedro_de_Z%C3%BA%C3%B1iga_y_Manrique_de_Lara,Wikipedia,2014-08-30,"Pedro de Zúñiga y Manrique de Lara, 2. conde de Bañares [1480 - 1484]"
BETA bioid 5881,BIOGRAPHY*NAME_CLASS*NATV,Pedro de,Estúñiga,,,,,,,,,Wikipedia,BIOGRAPHY*TITLE*CONDE,BIOGRAPHY*TITLE_NUMBER*1,BIOGRAPHY*TITLE_CONNECTOR*DE,BETA geoid 1225,,1475,,1484,,Wikipedia,BIOGRAPHY*MILESTONE_CLASS*DIE,,,,,1484,,,,Vicens Hualde,,,,,,,,,,,,BIOGRAPHY*RELATED_BIOCLASS*SON,,BETA bioid 3771,,,,,,Moya,,,,,,,,,,BIOGRAPHY*RELATED_BIBCLASS*VID,BETA bibid 4636,,,,,,,,,,,,,,,,,,,,,,,,,,,
BETA bioid 5881,,,,,,,,,,,,,BIOGRAPHY*TITLE*JUSTICIAMAYOR,,BIOGRAPHY*TITLE_CONNECTOR*DE,BETA geoid 1162,,1476,,1484,,Wikipedia,,,,,,,,,,,,,,,,,,,,,,BIOGRAPHY*RELATED_BIOCLASS*HUSBAND,,BETA bioid 5882,,1454,,,,Moya,,,,,,,,,,BIOGRAPHY*RELATED_BIBCLASS*VID,BETA bibid 4572,,,,,,,,,,,,,,,,,,,,,,,,,,,
BETA bioid 5881,,,,,,,,,,,,,,,,,,,,,,,,,,,,,,,,,,,,,,,,,,,,BIOGRAPHY*RELATED_BIOCLASS*DISCIPLO,,BETA bioid 1072,,1448,,,,Moya 2014,,,,,,,,,,,BETA bibid 6706,,,,,,,,,,,,,,,,,,,,,,,,,,,
BETA bioid 5881,,,,,,,,,,,,,,,,,,,,,,,,,,,,,,,,,,,,,,,,,,,,BIOGRAPHY*RELATED_BIOCLASS*HUSBAND,,BETA bioid 5882,,1454,,,,Moya,,,,,,,,,,,,,,,,,,,,,,,,,,,,,,,,,,,,,,
BETA bioid 5881,,,,,,,,,,,,,,,,,,,,,,,,,,,,,,,,,,,,,,,,,,,,BIOGRAPHY*RELATED_BIOCLASS*ASOCIADO,,BETA bioid 1076,,1454,ca.,,,Moya,,,,,,,,,,,,,,,,,,,,,,,,,,,,,,,,,,,,,,
BETA bioid 5881,,,,,,,,,,,,,,,,,,,,,,,,,,,,,,,,,,,,,,,,,,,,BIOGRAPHY*RELATED_BIOCLASS*STEPBROTHER,,BETA bioid 2032,,,,,,DB~e,,,,,,,,,,,,,,,,,,,,,,,,,,,,,,,,,,,,,,
BETA bioid 5881,,,,,,,,,,,,,,,,,,,,,,,,,,,,,,,,,,,,,,,,,,,,BIOGRAPHY*RELATED_BIOCLASS*FATHER,,BETA bioid 8857,,,,,,,,,,,,,,,,,,,,,,,,,,,,,,,,,,,,,,,,,,,,
BETA bioid 6132,BIOGRAPHY*NAME_CLASS*NATV,Martín,Vázquez Siruela,,BIOGRAPHY*NAME_HONORIFIC*DR,,,,,,,,BIOGRAPHY*TITLE*RACIONERO,,BIOGRAPHY*TITLE_CONNECTOR*DE,BETA geoid 1718,,,,,,BNE MSS/2076,,,,,,,,,,,BIOGRAPHY*AFFILIATION_CLASS*PRO,BIOGRAPHY*AFFILIATION_CLASS!PRO*CLERICSECULAR,,BETA geoid 1003,,1600,,1664,,Bautista 2020,BIOGRAPHY*SEX*M,,,,,,,,,,,,,,,,,,,,BETA bibid 1004,V,493,2076,,,,,,,,,,,,,,,,2010-01-15,FAULHABER,2024-07-13,FAULHABER,UNIVERSAL*INTERNET_CLASS*URL,http://www.bne.es/es/Catalogos/InventarioManuscritos/docs/invgenmss05x1x.pdf,BNE,2024-07-13,"Martín Vázquez Siruela (Dr.), racionero de Sevilla"
BETA bioid 6132,,,,,,,,,,,,,,,,,,,,,,,,,,,,,,,,,,,,,,,,,,,,,,,,,,,,,,,,,,,,,,,BETA bibid 5020,,,MSS/2076,,,,,,,,,,,,,,,,,,,,UNIVERSAL*INTERNET_CLASS*URL,https://datos.bne.es/persona/XX1148368.html,BNE Datos,2024-07-13,
BETA bioid 6132,,,,,,,,,,,,,,,,,,,,,,,,,,,,,,,,,,,,,,,,,,,,,,,,,,,,,,,,,,,,,,,BETA bibid 8402,,,4,,,,,,,,,,,,,,,,,,,,,,,,
BETA bioid 6132,,,,,,,,,,,,,,,,,,,,,,,,,,,,,,,,,,,,,,,,,,,,,,,,,,,,,,,,,,,,,,,BETA bibid 9022,,,XX1148368,,,,,,,,,,,,,,,,,,,,,,,,
BETA bioid 6223,BIOGRAPHY*NAME_CLASS*NATV,Bonifacio,García,,,,,,,,,,,,,,,,,,,,,,,,,,,,,,,,,,,,,,,,BIOGRAPHY*SEX*M,,,,,,,,,,,,,,,,,,,,BETA bibid 9022,,,XX1536658,,,,,,,,,,,,,,,,2011-05-06,FAULHABER,2024-07-13,FAULHABER,UNIVERSAL*INTERNET_CLASS*URL,https://datos.bne.es/persona/XX1536658.html,BNE Datos,2024-07-13,Bonifacio García
BETA bioid 6633,BIOGRAPHY*NAME_CLASS*NATV,Juan Bautista de,Terranova,,,,,,,,,BNE Cat.,,,,,,,,,,,,,,,,,,,,,BIOGRAPHY*AFFILIATION_CLASS*PRO,BIOGRAPHY*AFFILIATION_CLASS!PRO*PRINTER,,BETA geoid 1016,,1567,,1576,,BNE Datos,BIOGRAPHY*SEX*M,,,,,,,,,,,,,,,,,,,,BETA bibid 9022,,,XX1442940,,,,,,,,,,,,,,,,2013-05-28,FAULHABER,2024-07-13,FAULHABER,UNIVERSAL*INTERNET_CLASS*URL,https://datos.bne.es/persona/XX1442940.html,BNE Datos,2024-07-13,"Juan Bautista de Terranova, impresor Salamanca (1567 - 1576)"
BETA bioid 6633,BIOGRAPHY*NAME_CLASS*OTHR,Iuan Baptista de,Terranova,,,,,,,,,,,,,,,,,,,,,,,,,,,,,,,,,,,,,,,,,,,,,,,,,,,,,,,,,,,,,,,,,,,,,,,,,,,,,,,,,,,,,,,
BETA bioid 6821,BIOGRAPHY*NAME_CLASS*NATV,Christophe,Plantin,,,,,,,,,,,,,,,,,,,,BIOGRAPHY*MILESTONE_CLASS*BOR,,,,,1520-05,ca.,,,Wikidata,BIOGRAPHY*AFFILIATION_CLASS*PRO,BIOGRAPHY*AFFILIATION_CLASS!PRO*PRINTER,,BETA geoid 1618,,1520,,1589,,Wikipedia,BIOGRAPHY*SEX*M,BIOGRAPHY*RELATED_BIOCLASS*FATHERINLAW,,BETA bioid 6822,,,,,,Wikipedia,BIOGRAPHY*RELATED_INSCLASS*FUN,,BETA insid 5287,,,,,,Wikipedia,BIOGRAPHY*RELATED_BIBCLASS*VID,BETA bibid 4653,,,,,,,,,,,,,,,,,"A su muerte en 1589 la imprenta, con el nombre de Offficina Plantiniana, fue continuado bajo su yerno Jan Moretus",,2014-02-22,FAULHABER,2024-07-13,FAULHABER,UNIVERSAL*INTERNET_CLASS*URL,http://en.wikipedia.org/wiki/Christophe_Plantin,Wikipedia,2014-02-22,"Christophe Plantin, impresor Antwerpen (1520 - 1589)"
BETA bioid 6821,BIOGRAPHY*NAME_CLASS*TRAN,Christoffel,Plantijn,,,,,,,,,Wikipedia,,,,,,,,,,,BIOGRAPHY*MILESTONE_CLASS*DIE,,,BETA geoid 1618,,1589-07-01,,,,Wikipedia,,,,,,,,,,,,,,,,,,,,,,,,,,,,,,BIOGRAPHY*RELATED_BIBCLASS*VID,BETA bibid 8603,,,Q380360,,,,,,,,,,,,,,,,,,,,UNIVERSAL*INTERNET_CLASS*URL,https://www.wikidata.org/wiki/Q380360,Wikidata,2024-07-13,
BETA bioid 6821,BIOGRAPHY*NAME_CLASS*TRAN,Christophorus,Plantinus,,,,,,,,,Wikipedia,,,,,,,,,,,,,,,,,,,,,,,,,,,,,,,,,,,,,,,,,,,,,,,,,,BIOGRAPHY*RELATED_BIBCLASS*VIDOB,BETA bibid 6783,,,,,,,,,,,,,,,,,,,,,,,UNIVERSAL*INTERNET_CLASS*URL,http://viaf.org/viaf/120696841,VIAF,2024-07-13,
BETA bioid 6821,BIOGRAPHY*NAME_CLASS*TRAN,Cristóbal,Plantino,,,,,,,,,Wikipedia,,,,,,,,,,,,,,,,,,,,,,,,,,,,,,,,,,,,,,,,,,,,,,,,,,BIOGRAPHY*RELATED_BIBCLASS*VID,BETA bibid 5450,,,cnp01428077,,,,,,,,,,,,,,,,,,,,UNIVERSAL*INTERNET_CLASS*URL,https://data.cerl.org/thesaurus/cnp01428077,CERL,2024-07-13,
BETA bioid 6821,,,,,,,,,,,,,,,,,,,,,,,,,,,,,,,,,,,,,,,,,,,,,,,,,,,,,,,,,,,,,,BIOGRAPHY*RELATED_BIBCLASS*VIDOB,BETA bibid 9022,,,XX1085772,,,,,,,,,,,,,,,,,,,,UNIVERSAL*INTERNET_CLASS*URL,https://datos.bne.es/persona/XX1085772.html,BNE Datos,2024-07-13,
BETA bioid 7165,BIOGRAPHY*NAME_CLASS*NATV,Augustin,Fries,,,,,,,,,,,,,,,,,,,,,,,,,,,,,,BIOGRAPHY*AFFILIATION_CLASS*PRO,BIOGRAPHY*AFFILIATION_CLASS!PRO*PRINTER,,BETA geoid 2276,,1530,ca.,1562,ca.,BNE Datos,BIOGRAPHY*SEX*M,,,,,,,,,,,,,,,,,,,,BETA bibid 9022,,,XX4899209,,,,,,,,,,,,,,,,2015-08-28,FAULHABER,2024-07-13,FAULHABER,UNIVERSAL*INTERNET_CLASS*URL,https://datos.bne.es/persona/XX4899209.html,BNE Datos,2024-07-13,"Augustin Fries, impresor Strasbourg (1530 ca. - 1562 ca.)"
BETA bioid 7165,BIOGRAPHY*NAME_CLASS*TRAN,Agustín,Frisio,,,,,,,,,,,,,,,,,,,,,,,,,,,,,,,,,,,,,,,,,,,,,,,,,,,,,,,,,,,,,,,,,,,,,,,,,,,,,,,,,,,,,,,
BETA bioid 7179,BIOGRAPHY*NAME_CLASS*NATV,,Villard,,,,,,,,,,,,,,,,,,,,,,,,,,,,,,BIOGRAPHY*AFFILIATION_CLASS*PRO,BIOGRAPHY*AFFILIATION_CLASS!PRO*BIBLIOPHILE,,BETA geoid 1127,,1905,ad quem,,,,BIOGRAPHY*SEX*M,,,,,,,,,,,,,,,,,,,,BETA bibid 9032,,,,,,,,,,,,,,,,,,,2015-09-02,FAULHABER,2024-08-09,FAULHABER,,,,,"Villard, bibliófilo Lyon (1905 ad quem)"
BETA bioid 7607,BIOGRAPHY*NAME_CLASS*NATV,Agustín,Millán,,,,,,,,,,,,,,,,,,,,,,,,,,,,,,BIOGRAPHY*AFFILIATION_CLASS*PRO,BIOGRAPHY*AFFILIATION_CLASS!PRO*PRINTER,,BETA geoid 1011,,1550,,1564,,BNE Datos,BIOGRAPHY*SEX*M,BIOGRAPHY*RELATED_BIOCLASS*BROTHERINLAW,,BETA bioid 6045,,,,,,Penney 1954,,,,,,,,,,,BETA bibid 2818,,56,XII,,,,,,,,,,,,,,,,2017-06-11,FAULHABER,2024-07-13,FAULHABER,UNIVERSAL*INTERNET_CLASS*URL,https://datos.bne.es/persona/XX4768969.html,BNE Datos,2024-07-13,"Agustín Millán, impresor Zaragoza (1550 - 1564)"
BETA bioid 7607,,,,,,,,,,,,,,,,,,,,,,,,,,,,,,,,,,,,,,,,,,,,BIOGRAPHY*RELATED_BIOCLASS*BROTHERINLAW,,BETA bioid 7483,,,,,,Penney 1954,,,,,,,,,,,BETA bibid 9022,,,XX4768969,,,,,,,,,,,,,,,,,,,,,,,,
BETA bioid 7792,BIOGRAPHY*NAME_CLASS*NATV,Juan Matías de,Esteban y Eraso,,,,,,,,,,,,,,,,,,,,BIOGRAPHY*MILESTONE_CLASS*BOR,,,BETA geoid 1011,,1564,,,,Nicolás-Minué,BIOGRAPHY*AFFILIATION_CLASS*PRO,BIOGRAPHY*AFFILIATION_CLASS!PRO*GENE,,,,,,,,Nicolás-Minué,BIOGRAPHY*SEX*M,,,,,,,,,,,,,,,,,,,BIOGRAPHY*RELATED_BIBCLASS*VIDOB,BETA bibid 9038,,,,,,,,,,,,,,,,,,,2018-02-18,FAULHABER,2024-08-15,FAULHABER,UNIVERSAL*INTERNET_CLASS*URL,https://data.bnf.fr/fr/17859629/juan_mathias_estevan_y_eraso/,BnF Data,2024-08-15,"Juan Matías de Esteban y Eraso, genealogista"
BETA bioid 7792,BIOGRAPHY*NAME_CLASS*OTHR,Juan,Esteban,,BIOGRAPHY*NAME_HONORIFIC*DON,,,,,,,,,,,,,,,,,,BIOGRAPHY*MILESTONE_CLASS*DIE,,,BETA geoid 1011,,1631-08-11,,,,Nicolás-Minué,,,,,,,,,,,,,,,,,,,,,,,,,,,,,,BIOGRAPHY*RELATED_BIBCLASS*VIDOB,BETA bibid 8659,,,17859629/juan_mathias_estevan_y_eraso/,,,,,,,,,,,,,,,,,,,,,,,,
BETA bioid 7792,BIOGRAPHY*NAME_CLASS*OTHR,Juan,Estevan,,,,,,,,,"Madrid: Lázaro Galdiano, Inv. 303",,,,,,,,,,,,,,,,,,,,,,,,,,,,,,,,,,,,,,,,,,,,,,,,,,,,,,,,,,,,,,,,,,,,,,,,,,,,,,
BETA bioid 7953,BIOGRAPHY*NAME_CLASS*NATV,Juan de,Coloma,,,,,,,,,,BIOGRAPHY*TITLE*SENOR,BIOGRAPHY*TITLE_NUMBER*1,BIOGRAPHY*TITLE_CONNECTOR*DE,BETA geoid 2708,,,,,,DB~e,BIOGRAPHY*MILESTONE_CLASS*BOR,,,BETA geoid 2886,,1440,?,1443,?,DB~e,BIOGRAPHY*AFFILIATION_CLASS*PRO,BIOGRAPHY*AFFILIATION_CLASS!PRO*ROYALSECRETARY,,,,1491-03-31,,,,BNE MSS/7673,BIOGRAPHY*SEX*M,BIOGRAPHY*RELATED_BIOCLASS*SEC,,BETA bioid 1104,,1492-03-31,,,,BNE MSS/7673,,,,,,,,,,BIOGRAPHY*RELATED_BIBCLASS*VID,BETA bibid 8726,,228,,,,,,,,,,,,,,,,,2018-09-16,FAULHABER,2024-08-09,PEREA,UNIVERSAL*INTERNET_CLASS*URL,https://www.wikidata.org/wiki/Q9016091,Wikidata,2023-04-26,"Juan de Coloma, 1. señor de Elda"
BETA bioid 7953,BIOGRAPHY*NAME_CLASS*OTHR,Juan de,Coloma y Galcerán,,,,,,,,,DB~e,,,,,,,,,,,BIOGRAPHY*MILESTONE_CLASS*DIE,,,BETA geoid 1011,,1517,,,,DB~e,BIOGRAPHY*AFFILIATION_CLASS*REL,BIOGRAPHY*AFFILIATION_CLASS!REL*CONVERT,,,,,,,,Rivarés Custardoy:196,,BIOGRAPHY*RELATED_BIOCLASS*SEC,,BETA bioid 1105,,1492-03-31,,,,BNE MSS/7673,,,,,,,,,,BIOGRAPHY*RELATED_BIBCLASS*VID,BETA bibid 8603,,,Q9016091,,,,,,,,,,,,,,,,,,,,UNIVERSAL*INTERNET_CLASS*URL,https://dbe.rah.es/biografias/14853/juan-de-coloma-y-galceran,RAH DB~e,2023-04-26,
BETA bioid 7953,,,,,,,,,,,,,,,,,,,,,,,,,,,,,,,,,,,,,,,,,,,,BIOGRAPHY*RELATED_BIOCLASS*AMO,,BETA bioid 7995,,,,,,DB~e,,,,,,,,,,BIOGRAPHY*RELATED_BIBCLASS*VID,BETA bibid 8309,,,14853/juan-de-coloma-y-galceran,,,,,,,,,,,,,,,,,,,,,,,,
BETA bioid 7953,,,,,,,,,,,,,,,,,,,,,,,,,,,,,,,,,,,,,,,,,,,,,,,,,,,,,,,,,,,,,,BIOGRAPHY*RELATED_BIBCLASS*VID,BETA bibid 9033,,,,,,,,,,,,,,,,,,,,,,,,,,,
BETA bioid 7987,BIOGRAPHY*NAME_CLASS*NATV,Diego,López Dávalos,,,,,,,,,,BIOGRAPHY*TITLE*CORREGIDOR,,BIOGRAPHY*TITLE_CONNECTOR*DE,BETA geoid 1025,,1500-09-09,ad quem,1504-10-05,ad quem,Cabrera,,,,,,,,,,,,,,,,,,,,,BIOGRAPHY*SEX*M,,,,,,,,,,,,,,,,,,,,BETA bibid 9039,,104,,,,,,,,,,,,,,,,,2018-10-02,FAULHABER,2024-09-14,FAULHABER,,,,,"Diego López Dávalos, corregidor de Córdoba [1500-09-09 ad quem - 1504-10-05 ad quem]"
BETA bioid 7987,,,,,,,,,,,,,BIOGRAPHY*TITLE*COMENDADOR,,BIOGRAPHY*TITLE_CONNECTOR*DE,BETA geoid 2214,,,,,,Cabrera,,,,,,,,,,,,,,,,,,,,,,,,,,,,,,,,,,,,,,,,,,,,,,,,,,,,,,,,,,,,,,,,,,,,
BETA bioid 8195,BIOGRAPHY*NAME_CLASS*NATV,Basilio Jesús,García,,,,,,,,,,,,,,,,,,,,BIOGRAPHY*MILESTONE_CLASS*DIE,,,,,1894-07,ad quem,,,Carriazo Rubio,BIOGRAPHY*AFFILIATION_CLASS*PRO,BIOGRAPHY*AFFILIATION_CLASS!PRO*ART,,BETA geoid 1003,,1830,?,1869,?,BNE Cat.,BIOGRAPHY*SEX*M,,,,,,,,,,,,,,,,,,,BIOGRAPHY*RELATED_BIBCLASS*VIDOB,BETA bibid 9022,,,XX1517688,,,,,,,,,,,,,,BNE Cat.: litógrafo y retratista,,2019-05-02,FAULHABER,2024-07-13,FAULHABER,UNIVERSAL*INTERNET_CLASS*URL,https://datos.bne.es/persona/XX1517688.html,BNE Datos,2024-07-13,"Basilio Jesús García, artista Sevilla (1830? - 1869?)"
BETA bioid 8195,,,,,,,,,,,,,,,,,,,,,,,,,,,,,,,,,BIOGRAPHY*AFFILIATION_CLASS*PRO,BIOGRAPHY*AFFILIATION_CLASS!PRO*BIBLIOPHILE,,BETA geoid 1003,,,,,,Carriazo Rubio,,,,,,,,,,,,,,,,,,,,,,,,,,,,,,,,,,,,,,,,,,,,,,,,
BETA bioid 8241,BIOGRAPHY*NAME_CLASS*NATV,[Juan,Cromberger],,,,,,,,,,,,,,,,,,,,,,,,,,,,,,BIOGRAPHY*AFFILIATION_CLASS*PRO,BIOGRAPHY*AFFILIATION_CLASS!PRO*PRINTER,,BETA geoid 1003,,1500,,1540,,BNE Datos,BIOGRAPHY*SEX*M,,,,,,,,,,,,,,,,,,,,BETA bibid 9022,,,XX1442940,,,,,,,,,,,,,,Registro [Juan Cromberger] utilizado para las ediciones que no llevan nombre del impresor,,2019-07-08,FAULHABER,2024-07-13,FAULHABER,UNIVERSAL*INTERNET_CLASS*URL,https://datos.bne.es/persona/XX1308002.html,BNE Datos,2024-07-13,"[Juan Cromberger], impresor Sevilla (1500 - 1540)"
BETA bioid 8241,,,,,,,,,,,,,,,,,,,,,,,,,,,,,,,,,,,,,,,,,,,,,,,,,,,,,,,,,,,,,,,BETA bibid 3506,,,,,,,,,,,,,,,,,,,,,,,,,,,
BETA bioid 8280,BIOGRAPHY*NAME_CLASS*NATV,Pedro,Fernández,,,,,,,,,,,,,,,,,,,,,,,,,,,,,,BIOGRAPHY*AFFILIATION_CLASS*PRO,BIOGRAPHY*AFFILIATION_CLASS!PRO*ROYALNOTARY,,BETA geoid 1031,,1453-05-09,,,,BNE MSS/1861/20,BIOGRAPHY*SEX*M,BIOGRAPHY*RELATED_BIOCLASS*NOT,,BETA bioid 1020,,,,1453-05-09,,BNE MSS/1861/20,,,,,,,,,,,,,,,,,,,,,,,,,,,,,,2019-09-30,FAULHABER,2023-06-14,FAULHABER,,,,,"Pedro Fernández, notario real Arévalo (1453-05-09)"
BETA bioid 8280,,,,,,,,,,,,,,,,,,,,,,,,,,,,,,,,,,,,,,,,,,,,BIOGRAPHY*RELATED_BIOCLASS*IDENTO,,BETA bioid 2726,?,,,,,,,,,,,,,,,,,,,,,,,,,,,,,,,,,,,,,,,,,,,
BETA bioid 8280,,,,,,,,,,,,,,,,,,,,,,,,,,,,,,,,,,,,,,,,,,,,BIOGRAPHY*RELATED_BIOCLASS*IDENTO,,BETA bioid 23001,?,,,,,,,,,,,,,,,,,,,,,,,,,,,,,,,,,,,,,,,,,,,
BETA bioid 8672,BIOGRAPHY*NAME_CLASS*NATV,Luis,Zapata,,,,,,,,,,,,,,,,,,,,,,,,,,,,,,BIOGRAPHY*AFFILIATION_CLASS*PRO,BIOGRAPHY*AFFILIATION_CLASS!PRO*WRITER,,,,1526,,1595,,,BIOGRAPHY*SEX*M,,,,,,,,,,,,,,,,,,,BIOGRAPHY*RELATED_BIBCLASS*VIDOB,BETA bibid 9022,,,XX1142024,,,,,,,,,,,,,,,,2021-02-12,FAULHABER,2024-07-13,FAULHABER,UNIVERSAL*INTERNET_CLASS*URL,http://datos.bne.es/resource/XX1142024,BNE Datos,2021-02-12,"Luis Zapata, escritor (1526 - 1595)"
BETA bioid 8672,BIOGRAPHY*NAME_CLASS*OTHR,Luis,Zapata de Chaves,,,,,,,,,BNE Datos,,,,,,,,,,,,,,,,,,,,,,,,,,,,,,,,,,,,,,,,,,,,,,,,,,BIOGRAPHY*RELATED_BIBCLASS*VIDOB,BETA bibid 6783,,,,,,,,,,,,,,,,,,,,,,,UNIVERSAL*INTERNET_CLASS*VIAF,http://viaf.org/viaf/43140152,VIAF,2021-02-12,
BETA bioid 8852,BIOGRAPHY*NAME_CLASS*NATV,Pedro de,Covarrubias,,,,,,,,,Wikidata,,,,,,,,,,,BIOGRAPHY*MILESTONE_CLASS*BOR,,,BETA geoid 1030,,1470,ca.,,,Wikidata,BIOGRAPHY*AFFILIATION_CLASS*ORD,BIOGRAPHY*AFFILIATION_CLASS!ORD*OP,,,,,,,,DB~e,BIOGRAPHY*SEX*M,BIOGRAPHY*RELATED_BIOCLASS*CONFR,,BETA bioid 4636,,,,,,RAH DB~e,,,,,,,,,,BIOGRAPHY*RELATED_BIBCLASS*VIDOB,BETA bibid 8309,,,35905/pedro-covarrubias,,,,,,,,,,,,,,,,2024-07-26,PEREA,2024-07-29,PEREA,UNIVERSAL*INTERNET_CLASS*URL,https://dbe.rah.es/biografias/35905/pedro-covarrubias,RAH DB~e,2024-07-26,"Pedro de Covarrubias, OP: Dominico"
BETA bioid 8852,BIOGRAPHY*NAME_CLASS*OTHR,Pedro,Covarrubias,,,,,,,,,DB~e,,,,,,,,,,,BIOGRAPHY*MILESTONE_CLASS*DIE,,,BETA geoid 1338,,1530,,,,DB~e,BIOGRAPHY*AFFILIATION_CLASS*PRO,BIOGRAPHY*AFFILIATION_CLASS!PRO*THEO,,,,,,,,DB~e,,BIOGRAPHY*RELATED_BIOCLASS*CLIENTE,,BETA bioid 1526,,,,,,,,,,,,,,,,BIOGRAPHY*RELATED_BIBCLASS*VID,BETA bibid 8603,,,Q93435937,,,,,,,,,,,,,,,,,,,,UNIVERSAL*INTERNET_CLASS*URL,https://www.wikidata.org/wiki/Q93435937,Wikidata,2024-07-26,
BETA bioid 8853,BIOGRAPHY*NAME_CLASS*NATV,Jesús,Rodríguez Salmones,,,,,,,,,,,,,,,,,,,,BIOGRAPHY*MILESTONE_CLASS*BOR,,,BETA geoid 1614,?,1908-03-18,,,,Dicc. Biográfico ACdP,BIOGRAPHY*AFFILIATION_CLASS*PRO,BIOGRAPHY*AFFILIATION_CLASS!PRO*BANKER,,,,1908,,1972,,Dicc. Biográfico ACdP,BIOGRAPHY*SEX*M,,,,,,,,,,,,,,,,,,,BIOGRAPHY*RELATED_BIBCLASS*VID,BETA bibid 9023,,,biografia/rodriguez-garcia-de-los-salmones-jesus/,,,,,,,,,,,,,,,,2024-07-26,PEREA,2024-07-27,FAULHABER,UNIVERSAL*INTERNET_CLASS*URL,https://www.acdp.es/biografia/rodriguez-garcia-de-los-salmones-jesus/,Diccionario Biográfico ACdP,2024-07-26,"Jesús Rodríguez Salmones, banquero (1908 - 1972)"
BETA bioid 8853,BIOGRAPHY*NAME_CLASS*OTHR,Jesús,Rodríguez García de los Salmones,,,,,,,,,Dicc. Biográfico ACdP,,,,,,,,,,,BIOGRAPHY*MILESTONE_CLASS*DIE,,,BETA geoid 1005,?,1972-11-01,,,,Dicc. Biográfico ACdP,BIOGRAPHY*AFFILIATION_CLASS*PRO,BIOGRAPHY*AFFILIATION_CLASS!PRO*BIBLIOPHILE,,,,,,,,,,,,,,,,,,,,,,,,,,,,,,,,,,,,,,,,,,,,,,,,,,,,,,,,
BETA bioid 8854,BIOGRAPHY*NAME_CLASS*NATV,Lope,Sánchez,,,,,,,,,,,,,,,,,,,,,,,,,,,,,,BIOGRAPHY*AFFILIATION_CLASS*PRO,BIOGRAPHY*AFFILIATION_CLASS!PRO*BIBLIOPHILE,,,,1526,a quo,,,,BIOGRAPHY*SEX*M,,,,,,,,,,,,,,,,,,,,,,,,,,,,,,,,,,,,,,,2024-08-06,FAULHABER,2024-08-09,FAULHABER,,,,,"Lope Sánchez, bibliófilo (1526 a quo)"
BETA bioid 8855,BIOGRAPHY*NAME_CLASS*NATV,Pedro,Marín,,,,,,,,,,,,,,,,,,,,,,,,,,,,,,BIOGRAPHY*AFFILIATION_CLASS*PRO,BIOGRAPHY*AFFILIATION_CLASS!PRO*WRITER,,,,1430,a quo,,,BNE MSS/9433,BIOGRAPHY*SEX*M,BIOGRAPHY*RELATED_BIOCLASS*CLIENTE,,BETA bioid 3263,,,,,,,,,,,,,,,,,,,,,,,,,,,,,,,,,,,,2024-08-09,FAULHABER,2024-08-09,FAULHABER,UNIVERSAL*INTERNET_CLASS*URL,=,DB~e,2021-11-30,"Pedro Marín, escritor (1430 a quo)"
BETA bioid 8856,BIOGRAPHY*NAME_CLASS*NATV,Diego,González Palomeque,,,,,,,,,,,,,,,,,,,,,,,,,,,,,,,,,,,,,,,,BIOGRAPHY*SEX*M,BIOGRAPHY*RELATED_BIOCLASS*FATHER,,BETA bioid 1645,?,,,,,Martínez Caviró 2010,,,,,,,,,,,BETA bibid 9035,II,165,,,,,,,,,,,,,,,"Martínez Caviró 2010 afirma que el padre del arzobispo Gonzalo Díaz Palomeque era este Diego González Palomeque, casado con una hija no nombrada del arzobispo Gonzalo Pérez Gudiel, no Diego Sánchez Palomeque (BETA bioid 5770).<br /><br />¿Serán la misma persona?",,2024-08-13,FAULHABER,,,,,,,"Diego González Palomeque, padre de Gonzalo Díaz Palomeque, arzobispo de Toledo?"
BETA bioid 8856,,,,,,,,,,,,,,,,,,,,,,,,,,,,,,,,,,,,,,,,,,,,BIOGRAPHY*RELATED_BIOCLASS*IDENTO,,BETA bioid 5770,?,,,,,,,,,,,,,,,,,,,,,,,,,,,,,,,,,,,,,,,,,,,
BETA bioid 8857,BIOGRAPHY*NAME_CLASS*NATV,Álvaro de,Estúñiga y Guzmán,BIOGRAPHY*NAME_NUMBER*II,,,,,,,,,BIOGRAPHY*TITLE*DUQUE,BIOGRAPHY*TITLE_NUMBER*2,BIOGRAPHY*TITLE_CONNECTOR*DE,BETA geoid 1141,,1488,,1531-09-28,,Wikipedia,BIOGRAPHY*MILESTONE_CLASS*BOR,,,,,1460,,,,DB~e,BIOGRAPHY*AFFILIATION_CLASS*PRO,BIOGRAPHY*AFFILIATION_CLASS!PRO*NOBLE,,,,,,,,DB~e,BIOGRAPHY*SEX*M,BIOGRAPHY*RELATED_BIOCLASS*SON,,BETA bioid 5881,,,,,,,BIOGRAPHY*RELATED_INSCLASS*MIE,,BETA insid 5486,,,,,,,BIOGRAPHY*RELATED_BIBCLASS*VID,BETA bibid 9036,,70-71,,,,,,,,,,,,,,,Faulhaber: Se ha suprimido bioid 3886 por ser duplicado de este registro.,,2024-08-13,FAULHABER,2024-08-14,FAULHABER,UNIVERSAL*INTERNET_CLASS*URL,https://dbe.rah.es/biografias/21361/alvaro-de-zuniga-y-guzman,RAH DB~e,2024-08-13,"Álvaro de Estúñiga y Guzmán II, 2. duque de Plasencia [1488 - 1531-09-28]"
BETA bioid 8857,BIOGRAPHY*NAME_CLASS*OTHR,Álvaro de,Zúñiga y Guzmán,,,,,,,,,DB~e,BIOGRAPHY*TITLE*DUQUE,BIOGRAPHY*TITLE_NUMBER*2,BIOGRAPHY*TITLE_CONNECTOR*DE,BETA geoid 1546,,1488,,1531-09-28,,Vicens Hualde,,en la rendición de,,BETA geoid 1010,,1492-01-02,,,,Vicens Hualde,,,,,,,,,,,,BIOGRAPHY*RELATED_BIOCLASS*CLIENTE,,BETA bioid 1866,,,,,,Vicens Hualde,,,,,,,,,,BIOGRAPHY*RELATED_BIBCLASS*VID,BETA bibid 8309,,,21361/alvaro-de-zuniga-y-guzman,,,,,,,,,,,,,,,,,,,,UNIVERSAL*INTERNET_CLASS*URL,https://es.wikipedia.org/wiki/%C3%81lvaro_de_Z%C3%BA%C3%B1iga_y_P%C3%A9rez_de_Guzm%C3%A1n,Wikipedia,2024-08-13,
BETA bioid 8857,,,,,,,,,,,,,BIOGRAPHY*TITLE*CONDE,BIOGRAPHY*TITLE_NUMBER*3,BIOGRAPHY*TITLE_CONNECTOR*DE,BETA geoid 2090,,1488,,,,Wikipedia,BIOGRAPHY*MILESTONE_CLASS*DIE,,,BETA geoid 1546,,1531-09-28,,,,Wikipedia,,,,,,,,,,,,,,,,,,,,,,,,,,,,,,,BETA bibid 4572,,,,,,,,,,,,,,,,,,,,,,,,,,,
