SUBID,HEADING_MAIN,HM_CLASS,HM_TYPE,HM_FIELD,HM_BASIS,HEADING_VARIANT,HV_CLASS,HV_TYPE,HV_FIELD,HV_BASIS,HB_SUBID,HB_BASIS,HR_SUBID,HR_BASIS,RELATED_BIBCLASS,RELATED_BIBID,RELATED_BIBVOL,RELATED_BIBLOC,RELATED_BIBITEM,RELATED_MANCLASS,RELATED_MANID,RELATED_MANVOL,RELATED_MANLOC,RELATED_MANITEM,NOTES,VERIFY,ENTERED,ENTERED_BY,UPDATED,UPDATED_BY,INTERNET_CLASS,INTERNET_ADDRESS,INTERNET_SERVICE,INTERNET_LASTSEEN,MONIKER
BITECA subid 10001,FARMÀCIA,,,,,pharmacy,SUBJECT*HV_CLASS*ENGLISH,,,,,,BITECA subid 10006,,,,,,,,,,,,,,1993-11-03,AVENOZA,2008-04-15,ROVIRA,,,,,FARMÀCIA
BITECA subid 10002,MEDICINA,,,,,medicine,SUBJECT*HV_CLASS*ENGLISH,,,,,,BITECA subid 10057,,,,,,,,,,,,,,1993-11-03,AVENOZA,2008-04-15,ROVIRA,,,,,MEDICINA
BITECA subid 10003,RELIGIÓ,,,,,religion,SUBJECT*HV_CLASS*ENGLISH,,,,,,,,,,,,,,,,,,,,1993-11-03,AVENOZA,2008-04-15,ROVIRA,,,,,RELIGIÓ
BITECA subid 10004,PREGÀRIES,,,,,ORACIONS,SUBJECT*HV_CLASS*OTHER,,,,,,BITECA subid 10003,,,,,,,,,,,,,,1993-11-03,AVENOZA,2008-04-15,ROVIRA,,,,,PREGÀRIES
BITECA subid 10005,HISTÒRIA,,,,,history,SUBJECT*HV_CLASS*ENGLISH,,,,,,,,,,,,,,,,,,,,1993-11-03,AVENOZA,2008-04-15,ROVIRA,,,,,HISTÒRIA
BITECA subid 10006,COSMÈTICA,,,,,cosmetics,SUBJECT*HV_CLASS*ENGLISH,,,,,,,,,,,,,,,,,,,,1993-11-03,AVENOZA,2008-04-15,ROVIRA,,,,,COSMÈTICA
BITECA subid 10007,PROFECIES,,,,,prophecy,SUBJECT*HV_CLASS*ENGLISH,,,,,,BITECA subid 10005,,,,,,,,,,,,,,1993-11-03,AVENOZA,2011-12-12,AVENOZA,,,,,PROFECIES
BITECA subid 10008,VETERINÀRIA,,,,,veterinary medicine,SUBJECT*HV_CLASS*ENGLISH,,,,,,BITECA subid 10075,,,,,,,,,,,,,,1993-11-03,AVENOZA,2011-12-12,AVENOZA,,,,,VETERINÀRIA
BITECA subid 10009,GASTRONOMIA,,,,,CUINA,SUBJECT*HV_CLASS*OTHER,,,,,,,,,,,,,,,,,,,,1993-11-03,AVENOZA,2008-04-15,ROVIRA,,,,,GASTRONOMIA
BITECA subid 10010,GEOGRAFIA,,,,,geography,SUBJECT*HV_CLASS*ENGLISH,,,,,,BITECA subid 10089,,,,,,,,,,,,,,1993-11-03,AVENOZA,2011-12-12,AVENOZA,,,,,GEOGRAFIA
BITECA subid 10011,LEXICOGRAFIA,,,,,VOCABULARI,SUBJECT*HV_CLASS*OTHER,,,,,,,,,,,,,,,,,,,,1993-11-03,AVENOZA,2008-04-15,ROVIRA,,,,,LEXICOGRAFIA
BITECA subid 10012,CRONOLOGIA,,,,,chronology,SUBJECT*HV_CLASS*OTHER,,,,,,BITECA subid 10005,,,,,,,,,,,,,,1993-11-03,AVENOZA,2011-12-12,AVENOZA,,,,,CRONOLOGIA
BITECA subid 10013,HAGIOGRAFIA,,,,,SANTS,SUBJECT*HV_CLASS*OTHER,,,,,,BITECA subid 10003,,,,,,,,,,,,,,1993-11-03,AVENOZA,2008-04-15,ROVIRA,,,,,HAGIOGRAFIA
BITECA subid 10014,FILOSOFIA MORAL,,,,,moral philosophy,SUBJECT*HV_CLASS*ENGLISH,,,,,,BITECA subid 10015,,,,,,,,,,,,,,1993-11-03,AVENOZA,2011-12-12,AVENOZA,,,,,FILOSOFIA MORAL
BITECA subid 10015,FILOSOFIA,,,,,philosophy,SUBJECT*HV_CLASS*ENGLISH,,,,,,,,,,,,,,,,,,,,1993-11-03,AVENOZA,2008-04-15,ROVIRA,,,,,FILOSOFIA
BITECA subid 10016,TEOLOGIA,,,,,theology,SUBJECT*HV_CLASS*ENGLISH,,,,,,BITECA subid 10003,,,,,,,,,,,,,,1993-11-03,AVENOZA,2011-12-12,AVENOZA,,,,,TEOLOGIA
BITECA subid 10017,DRET,,,,,LLEIS,SUBJECT*HV_CLASS*OTHER,,,,,,,,,,,,,,,,,,,,1993-11-03,AVENOZA,2008-04-15,ROVIRA,,,,,DRET
BITECA subid 10018,EPÍSTOLES,,,,,CARTA,SUBJECT*HV_CLASS*OTHER,,,,,,BITECA subid 10091,,,,,,,,,,,,,,1993-11-03,AVENOZA,2011-12-12,AVENOZA,,,,,EPÍSTOLES
BITECA subid 10019,MÀGIA,,,,,magic,SUBJECT*HV_CLASS*ENGLISH,,,,,,,,,,,,,,,,,,,,1993-11-03,AVENOZA,2008-04-15,ROVIRA,,,,,MÀGIA
BITECA subid 10020,AGRICULTURA,,,,,agriculture,SUBJECT*HV_CLASS*ENGLISH,,,,,,BITECA subid 10043,,,,,,,,,,,,,,1993-11-03,AVENOZA,2008-04-15,ROVIRA,,,,,AGRICULTURA
BITECA subid 10021,AMOR,,,,,love,SUBJECT*HV_CLASS*ENGLISH,,,,,,,,,,,,,,,,,,,,1993-11-03,AVENOZA,2008-04-15,ROVIRA,,,,,AMOR
BITECA subid 10022,NOVEL·LA,,,,,ROMAN,SUBJECT*HV_CLASS*OTHER,,,,,,BITECA subid 10091,,,,,,,,,,,,,,1993-11-03,AVENOZA,2011-12-12,AVENOZA,,,,,NOVEL·LA
BITECA subid 10023,CAVALLERIA,,,,,chivalry,SUBJECT*HV_CLASS*ENGLISH,,,,,,,,,,,,,,,,,,,,1993-11-03,AVENOZA,2008-04-15,ROVIRA,,,,,CAVALLERIA
BITECA subid 10024,MARIOLOGIA,,,,,VERGE,SUBJECT*HV_CLASS*OTHER,,,,,,BITECA subid 10003,,,,,,,,,,,,,,1993-11-03,AVENOZA,2008-04-15,ROVIRA,,,,,MARIOLOGIA
BITECA subid 10025,GRAMÀTICA,,,,,grammar,SUBJECT*HV_CLASS*ENGLISH,,,,,,,,,,,,,,,,,,,,1993-11-04,AVENOZA,2008-04-15,ROVIRA,,,,,GRAMÀTICA
BITECA subid 10026,ECONOMIA,,,,,economy,SUBJECT*HV_CLASS*OTHER,,,,,,,,,,,,,,,,,,,,1993-11-04,AVENOZA,2008-04-15,ROVIRA,,,,,ECONOMIA
BITECA subid 10027,ASTRONOMIA,,,,,astronomy,SUBJECT*HV_CLASS*ENGLISH,,,,,,BITECA subid 10089,,,,,,,,,,,,,,1993-11-04,AVENOZA,2011-12-12,AVENOZA,,,,,ASTRONOMIA
BITECA subid 10028,QUÍMICA,,,,,chemistry,SUBJECT*HV_CLASS*ENGLISH,,,,,,BITECA subid 10089,,,,,,,,,,,,,,1993-11-04,AVENOZA,2011-12-12,AVENOZA,,,,,QUÍMICA
BITECA subid 10029,MATEMÀTIQUES,,,,,mathematics,SUBJECT*HV_CLASS*ENGLISH,,,,,,BITECA subid 10089,,,,,,,,,,,,,,1993-11-04,AVENOZA,2011-12-12,AVENOZA,,,,,MATEMÀTIQUES
BITECA subid 10030,NOTARIAT,,,,,notary,SUBJECT*HV_CLASS*OTHER,,,,,,BITECA subid 10017,,,,,,,,,,,,,,1993-11-04,AVENOZA,2011-12-12,AVENOZA,,,,,NOTARIAT
BITECA subid 10031,COMPTABILITAT,,,,,accountancy,SUBJECT*HV_CLASS*OTHER,,,,,,BITECA subid 10026,,,,,,,,,,,,,,1993-11-04,AVENOZA,2011-12-12,AVENOZA,,,,,COMPTABILITAT
BITECA subid 10032,ENSENYAMENT,,,,,education,SUBJECT*HV_CLASS*OTHER,,,,,,,,,,,,,,,,,,,,1993-11-04,AVENOZA,2008-04-15,ROVIRA,,,,,ENSENYAMENT
BITECA subid 10033,COMERÇ,,,,,trade,SUBJECT*HV_CLASS*OTHER,,,,,,BITECA subid 10026,,,,,,,,,,,,,,1993-11-04,AVENOZA,2011-12-12,AVENOZA,,,,,COMERÇ
BITECA subid 10034,ASSOCIACIONS,,,,,associations,SUBJECT*HV_CLASS*ENGLISH,,,,,,BITECA subid 10033,,,,,,,,,,,,,,1993-11-04,AVENOZA,2011-12-12,AVENOZA,,,,,ASSOCIACIONS
BITECA subid 10035,ALQUÍMIA,,,,,alchemy,SUBJECT*HV_CLASS*ENGLISH,,,,,,BITECA subid 10089,,,,,,,,,,,,,,1993-11-12,AVENOZA,2011-12-12,AVENOZA,,,,,ALQUÍMIA
BITECA subid 10036,AL·LEGORIA,,,,,allegory,SUBJECT*HV_CLASS*ENGLISH,,,,,,BITECA subid 10091,,,,,,,,,,,,,,1993-11-16,AVENOZA,2011-12-12,AVENOZA,,,,,AL·LEGORIA
BITECA subid 10037,ANNALS,,,,,annals,SUBJECT*HV_CLASS*ENGLISH,,,,,,BITECA subid 10005,,,,,,,,,,,,,,1993-11-16,AVENOZA,2011-12-12,AVENOZA,,,,,ANNALS
BITECA subid 10038,APOLOGIA,,,,,apology,SUBJECT*HV_CLASS*ENGLISH,,,,,,BITECA subid 10003,,,,,,,,,,,,,,1993-11-16,AVENOZA,2011-12-12,AVENOZA,,,,,APOLOGIA
BITECA subid 10039,ARTÚRIC,,,,,arthurian,SUBJECT*HV_CLASS*ENGLISH,,,,,,BITECA subid 10091,,,,,,,,,,,,,,1993-11-16,AVENOZA,2011-12-12,AVENOZA,,,,,ARTÚRIC
BITECA subid 10040,ASTROLOGIA,,,,,astrology,SUBJECT*HV_CLASS*ENGLISH,,,,,,BITECA subid 10089,,,,,,,,,,,,,,1993-11-16,AVENOZA,2011-12-12,AVENOZA,,,,,ASTROLOGIA
BITECA subid 10041,AUTOBIOGRAFIA,,,,,autobiography,SUBJECT*HV_CLASS*ENGLISH,,,,,,BITECA subid 10042,,,,,,,,,,,,,,1993-11-16,AVENOZA,2011-12-12,AVENOZA,,,,,AUTOBIOGRAFIA
BITECA subid 10042,BIOGRAFIA,,,,,biography,SUBJECT*HV_CLASS*ENGLISH,,,,,,,,,,,,,,,,,,,,1993-11-16,AVENOZA,2008-04-15,ROVIRA,,,,,BIOGRAFIA
BITECA subid 10043,BOTÀNICA,,,,,botany,SUBJECT*HV_CLASS*ENGLISH,,,,,,BITECA subid 10089,,,,,,,,,,,,,,1993-11-16,AVENOZA,2011-12-12,AVENOZA,,,,,BOTÀNICA
BITECA subid 10044,CRISTOLOGIA,,,,,CRIST,SUBJECT*HV_CLASS*OTHER,,,,,,BITECA subid 10003,,,,,,,,,,,,,,1993-11-16,AVENOZA,2008-04-15,ROVIRA,,,,,CRISTOLOGIA
BITECA subid 10045,CONSOLACIÓ,,,,,consolation,SUBJECT*HV_CLASS*OTHER,,,,,,BITECA subid 10091,,,,,,,,,,,,,,1993-11-16,AVENOZA,2011-12-12,AVENOZA,,,,,CONSOLACIÓ
BITECA subid 10046,CONVERSOS,,,,,converts,SUBJECT*HV_CLASS*OTHER,,,,,,BITECA subid 10003,,,,,,,,,,,,,,1993-11-16,AVENOZA,2011-12-12,AVENOZA,,,,,CONVERSOS
BITECA subid 10047,DROGUERIA,,,,,prescriptions,SUBJECT*HV_CLASS*ENGLISH,,,,,,BITECA subid 10089,,,,,,,,,,,,,,1993-11-16,AVENOZA,2011-12-12,AVENOZA,,,,,DROGUERIA
BITECA subid 10048,DEBAT,,,,,DIÀLEG,SUBJECT*HV_CLASS*OTHER,,,,,,BITECA subid 10003,,,,,,,,,,,,,,1993-11-16,AVENOZA,2011-12-12,AVENOZA,,,,,DEBAT
BITECA subid 10049,DIDÀCTIC,,,,,didactic,SUBJECT*HV_CLASS*ENGLISH,,,,,,BITECA subid 10032,,,,,,,,,,,,,,1993-11-16,AVENOZA,2011-12-12,AVENOZA,,,,,DIDÀCTIC
BITECA subid 10050,DOCTRINAL,,,,,doctrinal,SUBJECT*HV_CLASS*ENGLISH,,,,,,BITECA subid 10091,,,,,,,,,,,,,,1993-11-16,AVENOZA,2011-12-12,AVENOZA,,,,,DOCTRINAL
BITECA subid 10051,ELEGIA,,,,,elegy,SUBJECT*HV_CLASS*OTHER,,,,,,BITECA subid 10091,,,,,,,,,,,,,,1993-11-16,AVENOZA,2011-12-12,AVENOZA,,,,,ELEGIA
BITECA subid 10052,ÈPICA,,,,,epic,SUBJECT*HV_CLASS*ENGLISH,,,,,,BITECA subid 10091,,,,,,,,,,,,,,1993-11-16,AVENOZA,2011-12-12,AVENOZA,,,,,ÈPICA
BITECA subid 10053,EPITALAMI,,,,,epithalamium,SUBJECT*HV_CLASS*OTHER,,,,,,BITECA subid 10091,,,,,,,,,,,,,,1993-11-16,AVENOZA,2011-12-12,AVENOZA,,,,,EPITALAMI
BITECA subid 10054,EXEMPLA,,,,,exempla,SUBJECT*HV_CLASS*ENGLISH,,,,,,BITECA subid 10091,,,,,,,,,,,,,,1993-11-16,AVENOZA,2011-12-12,AVENOZA,,,,,EXEMPLA
BITECA subid 10055,GENEALOGIA,,,,,genealogy,SUBJECT*HV_CLASS*ENGLISH,,,,,,,,,,,,,,,,,,,,1993-11-16,AVENOZA,2008-04-15,ROVIRA,,,,,GENEALOGIA
BITECA subid 10056,GNÒMIC,,,,,gnomic,SUBJECT*HV_CLASS*ENGLISH,,,,,,,,,,,,,,,,,,,,1993-11-16,AVENOZA,2008-04-15,ROVIRA,,,,,GNÒMIC
BITECA subid 10057,GINECOLOGIA,,,,,gynaecology,SUBJECT*HV_CLASS*ENGLISH,,,,,,BITECA subid 10089,,,,,,,,,,,,,,1993-11-16,AVENOZA,2011-12-12,AVENOZA,,,,,GINECOLOGIA
BITECA subid 10058,HERÀLDICA,,,,,heraldry,SUBJECT*HV_CLASS*OTHER,,,,,,BITECA subid 10023,,,,,,,,,,,,,,1993-11-16,AVENOZA,2011-12-12,AVENOZA,,,,,HERÀLDICA
BITECA subid 10059,HUMANISME,,,,,humanism,SUBJECT*HV_CLASS*ENGLISH,,,,,,,,,,,,,,,,,,,,1993-11-16,AVENOZA,2008-04-15,ROVIRA,,,,,HUMANISME
BITECA subid 10060,HIMNES,,,,,hymn,SUBJECT*HV_CLASS*OTHER,,,,,,BITECA subid 10003,,,,,,,,,,,,,,1993-11-16,AVENOZA,2011-12-12,AVENOZA,,,,,HIMNES
BITECA subid 10061,LITÚRGIA,,,,,OFICIS DIVINS,SUBJECT*HV_CLASS*OTHER,,,,,,BITECA subid 10003,,,,,,,,,,,,,,1993-11-16,AVENOZA,2008-04-15,ROVIRA,,,,,LITÚRGIA
BITECA subid 10062,LÍRICA,,,,,lirical poetry,SUBJECT*HV_CLASS*ENGLISH,,,,,,BITECA subid 10091,,,,,,,,,,,,,,1993-11-16,AVENOZA,2011-12-12,AVENOZA,,,,,LÍRICA
BITECA subid 10063,CIÈNCIA MILITAR,,,,,GUERRA,SUBJECT*HV_CLASS*OTHER,,,,,,BITECA subid 10023,,,,,,,,,,,,,,1993-11-16,AVENOZA,2011-12-12,AVENOZA,,,,,CIÈNCIA MILITAR
BITECA subid 10064,MISCEL·LANI,,,,,miscellaneous,SUBJECT*HV_CLASS*ENGLISH,,,,,,,,,,,,,,,,,,,,1993-11-16,AVENOZA,2008-04-15,ROVIRA,,,,,MISCEL·LANI
BITECA subid 10065,MÚSICA,,,,,music,SUBJECT*HV_CLASS*OTHER,,,,,,,,,,,,,,,,,,,,1993-11-16,AVENOZA,2008-04-15,ROVIRA,,,,,MÚSICA
BITECA subid 10066,COMENTARI,,,,,commentary,SUBJECT*HV_CLASS*OTHER,,,,,,BITECA subid 10091,,,,,,,,,,,,,,1993-11-16,AVENOZA,2011-12-12,AVENOZA,,,,,COMENTARI
BITECA subid 10067,PANEGÍRIC,,,,,panegyric,SUBJECT*HV_CLASS*ENGLISH,,,,,,BITECA subid 10091,,,,,,,,,,,,,,1993-11-16,AVENOZA,2011-12-12,AVENOZA,,,,,PANEGÍRIC
BITECA subid 10068,POÈTICA,,,,,poetics,SUBJECT*HV_CLASS*ENGLISH,,,,,,BITECA subid 10091,,,,,,,,,,,,,,1993-11-16,AVENOZA,2011-12-12,AVENOZA,,,,,POÈTICA
BITECA subid 10069,POLÍTICA,,,,,politics,SUBJECT*HV_CLASS*ENGLISH,,,,,,,,,,,,,,,,,,,,1993-11-16,AVENOZA,2008-04-15,ROVIRA,,,,,POLÍTICA
BITECA subid 10070,RETÒRICA,,,,,rhetoric,SUBJECT*HV_CLASS*ENGLISH,,,,,,,,,,,,,,,,,,,,1993-11-16,AVENOZA,2008-04-15,ROVIRA,,,,,RETÒRICA
BITECA subid 10071,SÀTIRA,,,,,satire,SUBJECT*HV_CLASS*ENGLISH,,,,,,BITECA subid 10091,,,,,,,,,,,,,,1993-11-16,AVENOZA,2011-12-12,AVENOZA,,,,,SÀTIRA
BITECA subid 10072,TEATRE,,,,,drama,SUBJECT*HV_CLASS*ENGLISH,,,,,,BITECA subid 10091,,,,,,,,,,,,,,1993-11-16,AVENOZA,2011-12-12,AVENOZA,,,,,TEATRE
BITECA subid 10073,VIATGES,,,,,travels,SUBJECT*HV_CLASS*ENGLISH,,,,,,,,,,,,,,,,,,,,1993-11-16,AVENOZA,2008-04-15,ROVIRA,,,,,VIATGES
BITECA subid 10074,TRACTATS,,,,,treatrises,SUBJECT*HV_CLASS*ENGLISH,,,,,,BITECA subid 10091,,,,,,,,,,,,,,1993-11-16,AVENOZA,2011-12-12,AVENOZA,,,,,TRACTATS
BITECA subid 10075,ZOOLOGIA,,,,,zoology,SUBJECT*HV_CLASS*ENGLISH,,,,,,BITECA subid 10089,,,,,,,,,,,,,,1993-11-16,AVENOZA,2011-12-12,AVENOZA,,,,,ZOOLOGIA
BITECA subid 10076,FÀBULES,,,,,fable,SUBJECT*HV_CLASS*ENGLISH,,,,,,BITECA subid 10091,,,,,,,,,,,,,,1993-11-16,AVENOZA,2011-12-12,AVENOZA,,,,,FÀBULES
BITECA subid 10077,JUEUS,,,,,jews,SUBJECT*HV_CLASS*ENGLISH,,,,,,BITECA subid 10046,,,,,,,,,,,,,,1993-11-17,AVENOZA,2008-04-15,ROVIRA,,,,,JUEUS
BITECA subid 10078,INQUISICIÓ,,,,,SANT OFICI,SUBJECT*HV_CLASS*OTHER,,,,,,BITECA subid 10003,,,,,,,,,,,,,,1993-11-17,AVENOZA,2008-04-15,ROVIRA,,,,,INQUISICIÓ
BITECA subid 10079,HERETGIA,,,,,HERETGE,SUBJECT*HV_CLASS*OTHER,,,,,,BITECA subid 10003,,,,,,,,,,,,,,1993-11-17,AVENOZA,2008-04-15,ROVIRA,,,,,HERETGIA
BITECA subid 10080,MONACAT,,,,,MONJOS,SUBJECT*HV_CLASS*OTHER,,,,,,BITECA subid 10003,,,,,,,,,,,,,,1993-11-17,AVENOZA,2011-12-12,AVENOZA,,,,,MONACAT
BITECA subid 10081,VISIONS,,,,,visions,SUBJECT*HV_CLASS*ENGLISH,,,,,,BITECA subid 10007,,,,,,,,,,,,,,1993-11-17,AVENOZA,2008-04-15,ROVIRA,,,,,VISIONS
BITECA subid 10082,ENCICLOPÈDIA,,,,,encyclopedia,SUBJECT*HV_CLASS*OTHER,,,,,,BITECA subid 10049,,,,,,,,,,,,,,1993-11-17,AVENOZA,2011-12-12,AVENOZA,,,,,ENCICLOPÈDIA
BITECA subid 10083,BESTIARIS,,,,,bestiary,SUBJECT*HV_CLASS*ENGLISH,,,,,,BITECA subid 10075,,,,,,,,,,,,,,1993-11-17,AVENOZA,2011-12-12,AVENOZA,,,,,BESTIARIS
BITECA subid 10084,LAPIDARIS,,,,,lapidary,SUBJECT*HV_CLASS*ENGLISH,,,,,,BITECA subid 10083,,,,,,,,,,,,,,1993-11-17,AVENOZA,2011-12-12,AVENOZA,,,,,LAPIDARIS
BITECA subid 10085,MINERALOGIA,,,,,mineralogy,SUBJECT*HV_CLASS*ENGLISH,,,,,,BITECA subid 10084,,,,,,,,,,,,,,1993-11-17,AVENOZA,2011-12-12,AVENOZA,,,,,MINERALOGIA
BITECA subid 10086,ORATÒRIA RELIGIOSA,,,,,SERMONS,SUBJECT*HV_CLASS*OTHER,,,,,,BITECA subid 10003,,,,,,,,,,,,,,1993-11-17,AVENOZA,2011-12-12,AVENOZA,,,,,ORATÒRIA RELIGIOSA
BITECA subid 10087,BÍBLIA,,,,,BIBLIA,SUBJECT*HV_CLASS*SPANISH,,,,,,BITECA subid 10003,,,,,,,,,,,,,,1993-11-17,AVENOZA,2008-04-15,ROVIRA,,,,,BÍBLIA
BITECA subid 10088,CORTESIA,,,,,AMOR CORTÈS,SUBJECT*HV_CLASS*OTHER,,,,,,,,,,,,,,,,,,,,1993-11-17,AVENOZA,2008-04-15,ROVIRA,,,,,CORTESIA
BITECA subid 10089,CIÈNCIA,,,,,science,SUBJECT*HV_CLASS*ENGLISH,,,,,,,,,,,,,,,,,,,,1993-11-17,AVENOZA,2008-04-15,ROVIRA,,,,,CIÈNCIA
BITECA subid 10090,MORT,,,,,death,SUBJECT*HV_CLASS*OTHER,,,,,,,,,,,,,,,,,,,,1993-11-17,AVENOZA,2008-04-15,ROVIRA,,,,,MORT
BITECA subid 10091,LITERATURA,,,,,literature,SUBJECT*HV_CLASS*ENGLISH,,,,,,,,,,,,,,,,,,,,1993-11-22,AVENOZA,2008-04-15,ROVIRA,,,,,LITERATURA
BITECA subid 10092,MITOLOGIA,,,,,mithology,SUBJECT*HV_CLASS*ENGLISH,,,,,,,,,,,,,,,,,,,,1993-11-22,AVENOZA,2008-04-15,ROVIRA,,,,,MITOLOGIA
BITECA subid 10093,CAÇA,,,,,CETRERIA,SUBJECT*HV_CLASS*OTHER,,,,,,BITECA subid 10075,,,,,,,,,,,,,,1993-11-22,AVENOZA,2011-12-12,AVENOZA,,,,,CAÇA
BITECA subid 10094,MÈTRICA,,,,,metrics,SUBJECT*HV_CLASS*ENGLISH,,,,,,BITECA subid 10070,,,,,,,,,,,,,,1993-11-22,AVENOZA,2011-12-12,AVENOZA,,,,,MÈTRICA
BITECA subid 10095,MATÈRIA CLÀSSICA,,,,,classical matter,SUBJECT*HV_CLASS*ENGLISH,,,,,,BITECA subid 10092,,,,,,,,,,,,,,1993-11-22,AVENOZA,2011-12-12,AVENOZA,,,,,MATÈRIA CLÀSSICA
BITECA subid 10096,ADMINISTRACIÓ,,,,,governement,SUBJECT*HV_CLASS*ENGLISH,,,,,,BITECA subid 10026,,,,,,,,,,,,,,1993-11-23,AVENOZA,2011-12-12,AVENOZA,,,,,ADMINISTRACIÓ
BITECA subid 10097,ANGEOLOGIA,,,,,ÀNGELS,SUBJECT*HV_CLASS*OTHER,,,,,,BITECA subid 10003,,,,,,,,,,,,,,1993-11-23,AVENOZA,2011-12-12,AVENOZA,,,,,ANGEOLOGIA
BITECA subid 10098,DONES,,,,,women,SUBJECT*HV_CLASS*ENGLISH,,,,,,,,,,,,,,,,,,,,1993-11-23,AVENOZA,2008-04-15,ROVIRA,,,,,DONES
BITECA subid 10099,MAR,,,,,NAVEGACIÓ,SUBJECT*HV_CLASS*OTHER,,,,,,,,,,,,,,,,,,,,1993-11-23,AVENOZA,2008-04-15,ROVIRA,,,,,MAR
BITECA subid 10100,PROTOCOL,,,,,protocol,SUBJECT*HV_CLASS*ENGLISH,,,,,,,,,,,,,,,,,,,,1993-11-23,AVENOZA,2008-04-15,ROVIRA,,,,,PROTOCOL
BITECA subid 10101,ESCLAUS,,,,,slaves,SUBJECT*HV_CLASS*ENGLISH,,,,,,,,,,,,,,,,,,,,1993-11-26,AVENOZA,2008-04-15,ROVIRA,,,,,ESCLAUS
BITECA subid 10102,ÀRABS,,,,,arabs,SUBJECT*HV_CLASS*ENGLISH,,,,,,,,,,,,,,,,,,,,1993-11-26,AVENOZA,2008-04-15,ROVIRA,,,,,ÀRABS
BITECA subid 10103,MINORIES,,,,,ethnic minorities,SUBJECT*HV_CLASS*ENGLISH,,,,,,BITECA subid 10102,,,,,,,,,,,,,,1993-11-26,AVENOZA,2011-12-12,AVENOZA,,,,,MINORIES
BITECA subid 10104,ESGLÉSIA,,,,,church,SUBJECT*HV_CLASS*ENGLISH,,,,,,BITECA subid 10003,,,,,,,,,,,,,,1993-11-26,AVENOZA,2011-12-12,AVENOZA,,,,,ESGLÉSIA
BITECA subid 10105,USURA,,,,,usury,SUBJECT*HV_CLASS*ENGLISH,,,,,,BITECA subid 10077,,,,,,,,,,,,,,1993-11-26,AVENOZA,2011-12-12,AVENOZA,,,,,USURA
BITECA subid 10106,IMPOSTOS,,,,,taxes,SUBJECT*HV_CLASS*ENGLISH,,,,,,BITECA subid 10026,,,,,,,,,,,,,,1993-11-26,AVENOZA,2011-12-12,AVENOZA,,,,,IMPOSTOS
BITECA subid 10107,OFICIS,,,,,MENESCALS,SUBJECT*HV_CLASS*OTHER,,,,,,,,,,,,,,,,,,,,1993-11-26,AVENOZA,2011-12-12,AVENOZA,,,,,OFICIS
BITECA subid 10108,MERCATS,,,,,COMERÇ,SUBJECT*HV_CLASS*OTHER,,,,,,BITECA subid 10026,,,,,,,,,,,,,,1993-11-26,AVENOZA,2011-12-12,AVENOZA,,,,,MERCATS
BITECA subid 10109,SENSE CLASSIFICAR,,,,,no classification,SUBJECT*HV_CLASS*ENGLISH,,,,,,,,,,,,,,,,,,,,1993-11-29,AVENOZA,2008-04-15,ROVIRA,,,,,SENSE CLASSIFICAR
BITECA subid 10110,PROVERBIS,,,,,proverbs,SUBJECT*HV_CLASS*ENGLISH,,,,,,BITECA subid 10091,,,,,,,,,,,,,,1993-11-29,AVENOZA,2011-12-12,AVENOZA,,,,,PROVERBIS
BITECA subid 10111,LÒGICA,,,,,logic,SUBJECT*HV_CLASS*ENGLISH,,,,,,,,,,,,,,,,,,,,1993-11-29,AVENOZA,2008-04-15,ROVIRA,,,,,LÒGICA
BITECA subid 10112,NUMISMÀTICA,,,,,numismatics,SUBJECT*HV_CLASS*ENGLISH,,,,,,BITECA subid 10026,,,,,,,,,,,,,,1993-11-29,AVENOZA,2011-12-12,AVENOZA,,,,,NUMISMÀTICA
BITECA subid 10113,MIRACLES,,,,,miracle,SUBJECT*HV_CLASS*ENGLISH,,,,,,BITECA subid 10003,,,,,,,,,,,,,,1993-11-30,AVENOZA,2011-12-12,AVENOZA,,,,,MIRACLES
BITECA subid 10114,BIBLIOLOGIA,,,,,bibliology,SUBJECT*HV_CLASS*ENGLISH,,,,,,,,,,,,,,,,,,,,1993-12-10,AVENOZA,2008-04-15,ROVIRA,,,,,BIBLIOLOGIA
BITECA subid 10115,DIPLOMÀCIA,,,,,diplomacy,SUBJECT*HV_CLASS*ENGLISH,,,,,,BITECA subid 10069,,,,,,,,,,,,,,1993-12-11,AVENOZA,2011-12-12,AVENOZA,,,,,DIPLOMÀCIA
BITECA subid 10116,EXORCISME,,,,,exorcism,SUBJECT*HV_CLASS*ENGLISH,,,,,,BITECA subid 10003,,,,,,,,,,,,,,1993-12-15,AVENOZA,2011-12-12,AVENOZA,,,,,EXORCISME
BITECA subid 10117,BÍBLIA: N. T.,,,,,EVANGELIS,SUBJECT*HV_CLASS*OTHER,,,,,,BITECA subid 10087,,,,,,,,,,,,,,1994-07-04,AVENOZA,2011-12-12,AVENOZA,,,,,BÍBLIA: N. T.
BITECA subid 10118,PAREMIOLOGIA,,,,,paremiology,SUBJECT*HV_CLASS*ENGLISH,,,,,,BITECA subid 10110,,,,,,,,,,,,,,1995-10-29,AVENOZA,2011-12-12,AVENOZA,,,,,PAREMIOLOGIA
BITECA subid 10119,POESIA,,,,,poetry,SUBJECT*HV_CLASS*ENGLISH,,,,,,BITECA subid 10091,,,,,,,,,,,,,,1996-04-04,AVENOZA,2011-12-12,AVENOZA,,,,,POESIA
BITECA subid 10120,SUPERSTICIÓ,,,,,superstition,SUBJECT*HV_CLASS*ENGLISH,,,,,,,,,,,,,,,,,,,,1996-04-04,AVENOZA,2008-04-15,ROVIRA,,,,,SUPERSTICIÓ
BITECA subid 10121,OCELLS,,,,,birds,SUBJECT*HV_CLASS*ENGLISH,,,,,,BITECA subid 10075,,,,,,,,,,,,,,1996-04-12,AVENOZA,2011-12-12,AVENOZA,,,,,OCELLS
BITECA subid 10122,ÈQUIDS,,,,,CAVALL,SUBJECT*HV_CLASS*CATALÀ,,,,,,BITECA subid 10023,,,,,,,,,,,,,,1996-04-12,AVENOZA,2011-12-12,AVENOZA,,,,,ÈQUIDS
BITECA subid 10123,ORATÒRIA,,,,,DISCURSOS NO RELIGIOSOS,SUBJECT*HV_CLASS*OTHER,,,,,,BITECA subid 10003,,,,,,,,,,,,,,1996-05-18,AVENOZA,2011-12-12,AVENOZA,,,,,ORATÒRIA
BITECA subid 10124,BÍBLIA: APÒCRIFS,,,,,apocryphal books,SUBJECT*HV_CLASS*ENGLISH,,,,,,BITECA subid 10003,,,,,,,,,,,,,,1996-05-18,AVENOZA,2008-04-15,ROVIRA,,,,,BÍBLIA: APÒCRIFS
BITECA subid 10125,BÍBLIA: V. T.,,,,,ANTIC TESTAMENT,SUBJECT*HV_CLASS*OTHER,,,,,,BITECA subid 10087,,,,,,,,,,,,,,1996-05-18,AVENOZA,2008-04-15,ROVIRA,,,,,BÍBLIA: V. T.
BITECA subid 10126,BÍBLIA: V. T. SALMS,,,,,SALMS,SUBJECT*HV_CLASS*OTHER,,,,,,BITECA subid 10125,,,,,,,,,,,,,,1996-05-18,AVENOZA,2013-05-31,AVENOZA,,,,,BÍBLIA: V. T. SALMS
BITECA subid 10127,COSMOLOGIA,,,,,cosmology,SUBJECT*HV_CLASS*ENGLISH,,,,,,BITECA subid 10089,,,,,,,,,,,,,,1997-07-22,AVENOZA,2011-12-12,AVENOZA,,,,,COSMOLOGIA
BITECA subid 10128,PESTA,,,,,plague,SUBJECT*HV_CLASS*ENGLISH,,,,,,BITECA subid 10002,,,,,,,,,,,,,,1999-12-10,AVENOZA,2008-04-15,ROVIRA,,,,,PESTA
BITECA subid 10129,FURS,,,,,furs,SUBJECT*HV_CLASS*ENGLISH,,,,BITECA subid 10017,,BITECA subid 10017,,,,,,,,,,,,,,2000-10-07,AVENOZA,2011-12-12,AVENOZA,,,,,FURS
BITECA subid 10130,CORTS,,,,,courts,SUBJECT*HV_CLASS*ENGLISH,,,,BITECA subid 10017,,BITECA subid 10017,,,,,,,,,,,,,,2000-10-07,AVENOZA,2011-12-12,AVENOZA,,,,,CORTS
BITECA subid 10131,USATGES,,,,,usatges,SUBJECT*HV_CLASS*ENGLISH,,,,BITECA subid 10017,,BITECA subid 10017,,,,,,,,,,,,,,2000-10-07,AVENOZA,2011-12-12,AVENOZA,,,,,USATGES
BITECA subid 10132,ORDES MILITARS,,,,,military orders,SUBJECT*HV_CLASS*ENGLISH,,,,BITECA subid 10080,,BITECA subid 10034,,,,,,,,,,,,,,2000-10-07,AVENOZA,2011-12-12,AVENOZA,,,,,ORDES MILITARS
BITECA subid 10133,GOIGS,,,,,goigs,SUBJECT*HV_CLASS*ENGLISH,,,,BITECA subid 10119,,BITECA subid 10091,,,,,,,,,,,,,,2000-10-10,AVENOZA,2011-12-12,AVENOZA,,,,,GOIGS
BITECA subid 10134,CARTOGRAFIA,,,,,cartography,SUBJECT*HV_CLASS*ENGLISH,,,,,,BITECA subid 10089,,,,,,,,,,,,,,2000-10-23,AVENOZA,2011-12-12,AVENOZA,,,,,CARTOGRAFIA
BITECA subid 10135,MISOGINIA,,,,,misogyny,SUBJECT*HV_CLASS*ENGLISH,,,,,,BITECA subid 10098,,,,,,,,,,,,,,2000-12-14,AVENOZA,2011-12-12,AVENOZA,,,,,MISOGINIA
BITECA subid 10136,Joc,,,,,game,SUBJECT*HV_CLASS*ENGLISH,,,,,,,,,,,,,,,,,,,,2003-05-19,AVENOZA,2008-04-15,ROVIRA,,,,,Joc
BITECA subid 10137,REGIMENTS DE SANITAT,,,,,hygiene,SUBJECT*HV_CLASS*ENGLISH,,,,,,BITECA subid 10002,,,,,,,,,,,,,,2003-10-20,AVENOZA,2011-12-12,AVENOZA,,,,,REGIMENTS DE SANITAT
BITECA subid 10138,PINTURA,,,,,painting,SUBJECT*HV_CLASS*ENGLISH,,,,,,,,,,,,,,,,,,,,2003-12-01,AVENOZA,2008-04-15,ROVIRA,,,,,PINTURA
BITECA subid 10139,MEDICINA REPRODUCTIVA,,,,,reproductive medicine,SUBJECT*HV_CLASS*ENGLISH,,,,BITECA subid 10002,,BITECA subid 10002,,,,,,,,,,,,,,2004-08-26,AVENOZA,2011-12-12,AVENOZA,,,,,MEDICINA REPRODUCTIVA
BITECA subid 10140,SEXE,,,,,sex,SUBJECT*HV_CLASS*ENGLISH,,,,BITECA subid 10139,,,,,,,,,,,,,,,,2004-08-26,AVENOZA,2008-04-15,ROVIRA,,,,,SEXE
BITECA subid 10141,CERIMONIAL,,,,,ceremonial,SUBJECT*HV_CLASS*ENGLISH,,,,,,,,,,,,,,,,,,,,2004-08-27,AVENOZA,2008-04-15,ROVIRA,,,,,CERIMONIAL
BITECA subid 10142,CÀBALA,,,,,cabbala,SUBJECT*HV_CLASS*ENGLISH,,,,BITECA subid 10077,,BITECA subid 10077,,,,,,,,,,,,,,2004-08-28,AVENOZA,2011-12-18,AVENOZA,,,,,CÀBALA
BITECA subid 10143,CLIMA,,,,,climate,SUBJECT*HV_CLASS*OTHER,,,,,,BITECA subid 10089,,,,,,,,,,,,,,2004-09-20,AVENOZA,2011-12-12,AVENOZA,,,,,CLIMA
BITECA subid 10144,Moneda,,,,,,,,,,,,BITECA subid 10026,,,,,,,,,,,,,,2005-01-12,AVENOZA,2011-12-12,AVENOZA,,,,,Moneda
BITECA subid 10145,MUSULMANS,,,,,,,,,,,,BITECA subid 10003,,,,,,,,,,,,,,2011-12-12,AVENOZA,,,,,,,MUSULMANS
BITECA subid 10146,GREMIS,,,,,,,,,,,,BITECA subid 10034,,,,,,,,,,,,,,2011-12-12,AVENOZA,,,,,,,GREMIS
BITECA subid 10147,Manuscrit datat,,,,,,,,,,,,,,,,,,,,,,,,,,2013-05-23,AVENOZA,,,,,,,Manuscrit datat
BITECA subid 10148,Document datat,,,,,,,,,,,,,,,,,,,,,,,,,,2013-05-25,AVENOZA,,,,,,,Document datat
BITECA subid 10149,Volum notarial datat,,,,,,,,,,,,,,,,,,,,,,,,,,2013-05-28,AVENOZA,,,,,,,Volum notarial datat
BITECA subid 10150,ROMANÇ,SUBJECT*HM_CLASS*GENRE,,,,romanç,SUBJECT*HV_CLASS*CATALÀ,,,,,,,,,,,,,,,,,,,,2024-01-23,SORIANO,2024-01-23,SORIANO,,,,,ROMANÇ
